property_name,address,borough,property_type,sqft,classification,has_steam_cooling,has_electric_cooling,has_monthly_data,steam_intensity,heating_baseline,steam_ratio_vs_baseline,steam_pct_of_total,summer_elec_increase_pct,cooling_intensity_kbtu_sqft,cooling_pct_of_elec,peak_month_cooling_kw,avg_summer_cooling_kw,num_cooling_towers,district_steam_kbtu,elec_kwh,bbl,bin,latitude,longitude
Rockefeller Center (All Bldgs),Rockefeller Center,MANHATTAN,Office,8053115,BOTH,True,True,True,23.9,14.0,1.71,27.2,31.2,5.1,8.1,15882,10017,0,192813391,146871156,1012640005;1012660001;1012657501;1012640030;1012650050;1012640045,1077286;1077284;1077287;1083861;1076262;1083860;1083859;1034506;1082656;1075692;1083862;1087733;1090166;1090167,40.759268,-73.977844
30 Rockefeller Plaza (Bld 1 & 9),30 Rockefeller Plaza,MANHATTAN,Office,2911536,BOTH,True,True,True,50.8,14.0,3.64,42.5,54.7,15.9,15.4,15256,10628,1,147927109,58542481,1-01265-7501,1076262,40.758754,-73.978692
Columbia University Main Campus,116 Street,,College/University,6895156,BOTH,True,True,True,250.3,21.9,11.41,52.0,34.8,5.4,10.3,12492,9336,0,1726139572,125128611,1018670042;1018670052;1018670054;1018670064;1018670070;1018670074;1018850037;1018850040;1018850043;1018850061;1018857501;1018860001;1018950032;1018960057;1019610001;1019610037;1019610039;1019610057;1019730001;1019900022;1019900025;1019900029;1019900044;1019900050,1085710;1056050;1056051;1056054;1056057;1056058;1057033;1057034;1057035;1057049;1057018;1082166;1082165;1082692;1082160;1083301;1084845;1084846;1082163;1082164;1057343;1075443;1809321;1083610;1076680;1083609;1059496;1059497;1059498;1084463;1084476;1082159;1084477;1084472;1084474;1084475;1084460;1084469;1084467;1084459;1084465;1084458;1084468;1084473;1084461;1084464;1084471;1084466;1084470;1059821;1059822;1059823;1059827;1059828,,
Havemeyer Hall,3000 Broadway,MANHATTAN,College/University,126673,BOTH,True,True,True,72.6,21.9,3.31,12.7,91.1,287.1,24.3,11377,9066,1,9193106,2497922,1019730001,1084468,40.808963,-73.963186
P&S - Black LL97,"630, 650 W 168th Street",,Laboratory,721049,BOTH,True,True,True,167.7,89.9,1.86,16.4,86.3,36.8,23.7,8076,6578,1,120945149,32899071,1021380040,1084389,,
NH LHH 112 East 77 St 1082183,112 East 77 Street,MANHATTAN,Hospital (General Medical & Surgical),103019,BOTH,True,True,True,1248.6,114.1,10.95,60.3,76.8,167.9,20.7,5635,4345,2,128626713,24493358,1014110001,1082183,40.773999,-73.960725
LCPA - MET/CMP,60 Columbus Ave,MANHATTAN,Performing Arts,896458,BOTH,True,True,True,162.4,13.7,11.86,84.5,51.1,20.6,15.6,5625,4131,0,145572405,7848808,1-01134-0001,1081022,40.771277,-73.983299
1221 Avenue of the Americas,1221 Avenue of the Americas,MANHATTAN,Office,2636182,BOTH,True,True,True,28.1,14.0,2.01,36.1,41.0,5.1,11.0,4985,3346,1,74156191,36567156,1-01001-0029,1022693,40.759101,-73.982136
ESRT - Empire State Building,338 5 AVENUE,MANHATTAN,Office,2852257,BOTH,True,True,True,22.6,14.0,1.62,36.8,44.6,4.5,12.1,4567,3426,1,64363489,30849800,1008350041,1015862,40.747878,-73.984979
1271 Avenue of the Americas,1271 Avenue of the Americas,MANHATTAN,Office,1962900,BOTH,True,True,True,23.6,14.0,1.69,30.8,50.1,6.0,12.6,4563,2984,1,46331309,27739585,1-01003-0029,1022709,40.760289,-73.980157
BARUCH/BARUCH HOUSES ADDITION,605 FDR DRIVE,MANHATTAN,Multifamily Housing,2135564,BOTH,True,True,True,60.8,30.8,1.98,67.5,82.9,4.2,16.0,4294,2703,0,129939886,16283353,1003230001,1078027;1078028;1078029;1078030;1078031;1083421;1078032;1078033;1078034;1078035;1078036;1078037;1078038;1078039;1078040;1078041;1078042;1087112;1078043,40.718356,-73.97521
New York Hilton Midtown (NYCNH),1335 Avenue of the Americas,MANHATTAN,Hotel,1440995,BOTH,True,True,True,61.0,34.6,1.76,55.3,63.1,5.5,11.8,4183,2422,1,87884462,19730960,1010067502,1023163,40.762218,-73.978742
250 Vesey Street,250 VESEY STREET,MANHATTAN,Office,2025102,BOTH,True,True,True,21.3,14.0,1.53,24.8,32.4,5.8,9.5,4024,2972,3,43210193,36213895,1000160150,1000060,40.714529,-74.015677
Deutsche Bank Center,10 Columbus Circle,MANHATTAN,Mixed Use Property,2598958,BOTH,True,True,True,52.2,26.3,1.98,42.0,20.2,2.2,3.3,3683,1877,1,135623459,49784698,1010497501,1026318,40.768274,-73.98231
3 Bryant Park,1095 6th Avenue,MANHATTAN,Office,1216578,BOTH,True,True,True,26.9,14.0,1.93,23.0,32.8,8.4,9.3,3615,2548,2,32724899,31068859,1-00994-7501,1087119,40.754688,-73.984241
1515 Broadway,1515 Broadway,MANHATTAN,Office,1932895,BOTH,True,True,True,39.8,14.0,2.85,44.4,38.1,5.2,10.6,3562,2479,1,76887008,27631664,1010160036,1024714,40.757636,-73.985804
601 Lexington Avenue,601 Lexington Avenue,MANHATTAN,Office,1707488,BOTH,True,True,True,22.9,14.0,1.64,30.0,41.0,5.0,10.3,3366,2346,1,39044994,25035499,1-01308-7501,1036474,40.758465,-73.970914
(71003A) Herald Square Macy's,441 7th Ave,MANHATTAN,Retail Store,2192088,BOTH,True,True,True,22.9,11.2,2.04,33.0,29.4,2.9,6.3,3052,1947,1,50118356,29284761,1008100001,1015219,40.751038,-73.990576
157 West 57th Street,157 West 57th Street,MANHATTAN,Multifamily Housing,844182,BOTH,True,True,True,69.9,30.8,2.27,53.7,66.3,9.6,16.5,3000,2171,1,58995981,14371971,1010107506,1088565,40.765205,-73.979279
383 Madison (375 MADISON AVE),375 MADISON AVENUE,MANHATTAN,Financial Office,1238330,BOTH,True,True,True,36.0,20.1,1.79,30.8,28.1,5.3,6.7,2846,1668,6,44580067,28715729,1012820021,1035404,40.755257,-73.977477
Benchmarking Group - 1,1 Centre St,MANHATTAN,Office,1505431,BOTH,True,True,True,34.3,14.0,2.45,49.5,55.8,4.7,13.4,2844,2041,0,51629228,15111659,1001210001; 1001220001; 1001530024,1001394; 1079147; 1079146; 1001670,40.713001,-74.004181
Hammer Health Sciences Center LL-97,1 Haven Ave; 701 W 168 Street,,Laboratory,328186,BOTH,True,True,True,445.8,89.9,4.96,65.1,41.9,23.6,11.5,2771,2158,1,146290309,19672350,1021390051,1063402,,
ConEd Irving Place,2 Irving Place,MANHATTAN,Office,1255204,BOTH,True,True,True,49.1,14.0,3.52,46.8,39.8,6.2,11.2,2738,2008,4,61670077,20582051,1008700024,1084936,40.734064,-73.988695
28 Liberty,28 Liberty St,MANHATTAN,Office,2200000,BOTH,True,True,True,39.3,14.0,2.81,45.6,25.4,1.9,4.3,2674,1396,1,86352746,29942433,1-00044-0001,1001021,40.708115,-74.008768
1251 Avenue of the Americas,1251 Avenue of the Americas,MANHATTAN,Office,2325598,BOTH,True,True,True,24.6,14.0,1.76,37.3,25.8,1.8,4.3,2656,1380,1,57153649,28152800,1010027501,1022706,40.759644,-73.980627
787 Seventh Avenue,787 Seventh Avenue,MANHATTAN,Office,1811610,BOTH,True,True,True,27.5,14.0,1.97,33.2,26.1,2.9,5.4,2646,1741,1,49750084,28238657,1010040020,1023157,40.761955,-73.982622
1301 Avenue of the Americas,1301 Avenue of the Americas,MANHATTAN,Office,2030239,BOTH,True,True,True,49.4,14.0,3.53,61.8,43.4,3.2,11.1,2475,1710,1,100249255,16946458,1010050029,1023161,40.761244,-73.979457
Five Manhattan West,450 West 33rd Street,MANHATTAN,Office,1604716,BOTH,True,True,True,24.4,14.0,1.74,27.5,23.2,3.4,5.4,2463,1574,1,39098314,29093882,1-00729-9001,1089695,40.753563,-73.998813
9 W 57th Street,9 W 57th Street,MANHATTAN,Office,1617773,BOTH,True,True,True,41.9,14.0,3.0,44.4,28.8,4.0,7.7,2460,1653,4,67857622,24373372,1012730022,1035071,40.763255,-73.974633
420 Lexington Avenue,420 Lexington Avenue,MANHATTAN,Office,1325523,BOTH,True,True,True,22.3,14.0,1.6,36.6,49.6,4.3,11.8,2342,1621,1,29578102,14133351,1012807501,1035385,40.752262,-73.975464
NYPD_4467_Classified NYPD Location,Classified NYPD Location,,Office,1000518,BOTH,True,True,True,30.8,14.0,2.21,30.6,33.2,6.3,9.1,2310,1682,1,30827467,20278516,1001190001,1079143,,
345 Park Ave LP,345 Park Ave,MANHATTAN,Office,1783232,BOTH,True,True,True,67.1,14.0,4.8,54.6,21.7,3.0,5.4,2252,1329,2,119661736,28955629,1013060001,1036460,40.758171,-73.973246
1 United Nations Plaza,1 United Nations Plaza,MANHATTAN,Office,587000,BOTH,True,True,True,37.0,14.0,2.65,0,75.2,7.0,13.9,2172,1377,1,21732115,8738858,1-01337-7502,1038758,40.750441,-73.968676
Hearst Tower LL84 - LL84 Submission,300 West 57th Street,MANHATTAN,Office,856000,BOTH,True,True,True,22.6,14.0,1.62,28.5,44.8,5.0,8.9,2163,1308,1,19386524,13963844,1-01047-7502,1025451,40.766446,-73.983325
NEW YORK TIMES BUILDING,620 EIGHTH AVENUE,MANHATTAN,Office,1453912,BOTH,True,True,True,26.6,14.0,1.9,25.8,31.2,3.1,7.0,2051,1155,2,38694851,18823512,1-01012-7501,1087186,40.756039,-73.990651
633 Third,633 3 AVENUE,MANHATTAN,Office,979730,BOTH,True,True,True,31.5,14.0,2.26,42.1,50.0,4.2,10.0,2032,1192,1,30882604,11960543,1013147502,1037174,40.74991,-73.975061
51 Madison,51 Madison Avenue,MANHATTAN,Office,1485386,BOTH,True,True,True,27.4,14.0,1.96,41.9,38.4,3.1,8.8,2031,1263,1,40702003,15349427,1008560024,1016880,40.743023,-73.986402
The Eugene,431 W 31st street,MANHATTAN,Multifamily Housing,860643,BOTH,True,True,True,47.8,30.8,1.55,40.8,79.0,5.6,17.5,2000,1368,0,41135297,8124240,1-00729-7502,1089664,40.75201,-73.998903
ESRT - One Grand Central Place,56 EAST 42 STREET,MANHATTAN,Office,1143977,BOTH,True,True,True,36.7,14.0,2.63,55.9,65.6,4.3,15.2,1982,1408,1,42011727,9397824,1012760042,1035335,40.752612,-73.978853
FULTON,401 WEST 16TH STREET,MANHATTAN,Multifamily Housing,932450,BOTH,True,True,True,108.0,30.8,3.51,80.3,86.0,4.3,16.3,1972,1242,0,100660609,7249491,1007140031;1007150010;1007160017;1007170019,1012576;1078408;1078409;1078410;1078411;1078418;1078419;1078420;1078443;1078444;1078445;1087110,40.742321,-74.004478
375 Park Avenue,375 Park Avenue,MANHATTAN,Financial Office,824906,BOTH,True,True,True,39.9,20.1,1.98,43.2,43.9,5.6,10.7,1879,1222,1,32911679,12665426,1013070001,1036465,40.758786,-73.972801
THE PIERRE HOTEL,2 EAST 61ST STREET,MANHATTAN,Hotel,538196,BOTH,True,True,True,94.5,34.6,2.73,64.0,79.2,8.8,18.4,1842,1286,2,50882585,7515474,1013750067,1040809,40.765409,-73.971864
New York Athletic Club (180 WEST 59 STREET),180 WEST 59 STREET,MANHATTAN,Hotel,428525,BOTH,True,True,True,56.6,34.6,1.63,61.6,185.3,12.0,38.2,1783,1197,2,24249880,3951044,1010110001,1023750,40.766725,-73.978737
Grace Building (1110 6 AVENUE),1110 6 AVENUE,MANHATTAN,Office,1537287,BOTH,True,True,True,35.9,14.0,2.57,42.2,24.1,3.5,7.5,1782,1261,1,55172922,21189986,1012580009,1034196,40.755234,-73.983819
25 Broadway,25 Broadway,MANHATTAN,Office,943164,BOTH,True,True,True,24.5,14.0,1.75,28.9,28.8,5.2,8.7,1644,1313,1,23106204,16547960,1000130027,1000045,40.705752,-74.013374
Lincoln Guild Housing Corp,303 West 66 St,MANHATTAN,Multifamily Housing,426476,BOTH,True,True,True,47.4,30.8,1.54,39.8,104.1,9.0,21.2,1640,1131,0,20206957,5273547,1011790019,1030923,40.776108,-73.987432
Fisher - 605 3rd Avenue,605 3rd Avenue,MANHATTAN,Office,934292,BOTH,True,True,True,26.3,14.0,1.88,39.1,41.5,3.7,9.0,1610,1014,1,24579934,11039442,1-00920-0012,1082153,40.749076,-73.975682
51 West 52nd Street,51 West 52nd Street,MANHATTAN,Office,892704,BOTH,True,True,True,49.8,14.0,3.56,48.7,33.3,3.6,6.9,1598,1062,1,44455853,13581313,1012680001,1081406,40.760648,-73.978309
622 3rd Avenue,622 3rd Avenue,MANHATTAN,Office,1088000,BOTH,True,True,True,46.3,14.0,3.31,59.4,45.8,2.8,9.0,1563,930,2,50379488,9871740,1012950033,1036148;1089024,40.749581,-73.975324
1166 Avenue of the Americas - CBRE,1166 Avenue of the Americas,MANHATTAN,Office,1556174,BOTH,True,True,True,48.0,14.0,3.44,57.3,25.9,1.5,4.0,1545,753,1,74761722,16306978,1-01261-7501,1071414,40.757004,-73.982526
Dominick Hotel,246 Spring Street,MANHATTAN,Hotel,390337,BOTH,True,True,True,58.2,34.6,1.68,45.7,67.3,10.2,16.5,1513,1109,1,22698548,7112359,1004917503,1088431,40.725616,-74.005253
The Greenwich Lane - Parent,1 7 Avenue,MANHATTAN,Multifamily Housing,704145,BOTH,True,True,True,57.7,30.8,1.87,61.5,65.3,5.7,16.0,1509,1055,1,40613698,7308729,1006077503,1082217;1090621;1090622;1090623;1090624;1090625;1090633;1089806,40.736656,-74.001018
220 East 42nd Street,220 East 42nd Street,MANHATTAN,Office,1135317,BOTH,True,True,True,22.6,14.0,1.62,34.3,27.3,2.0,4.6,1465,744,1,25658334,14313275,1013157501,1037546,40.750256,-73.973256
140 Broadway,140 Broadway,MANHATTAN,Office,1272119,BOTH,True,True,True,51.9,14.0,3.71,55.9,25.7,1.9,4.7,1461,815,1,65997728,15260535,1000480001,1001027,40.709043,-74.010626
350 Park Avenue,340 PARK AVENUE,MANHATTAN,Office,545962,BOTH,True,True,True,29.0,14.0,2.08,33.3,48.0,8.2,14.1,1449,1073,3,15838243,9290953,1012870033,1035473,40.757966,-73.973423
3 Park Avenue,3 Park Avenue,MANHATTAN,Office,1205501,BOTH,True,True,True,30.2,14.0,2.16,52.3,40.7,2.3,8.4,1429,930,1,36422853,9742677,1008897501,1087537,40.746744,-73.981576
555 West 57th Street,555 West 57th Street,MANHATTAN,Office,999103,BOTH,True,True,True,35.4,14.0,2.53,38.3,23.7,3.1,5.5,1410,915,1,35323711,16652523,1010867502,1027072,40.770009,-73.990657
623 5th Avenue,623 5th Avenue,MANHATTAN,Retail Store,1042944,BOTH,True,True,True,30.9,11.2,2.76,38.5,27.4,3.0,6.3,1397,921,2,32258263,14342867,1012857501,1081145;1082746,40.758073,-73.976364
909 Third Avenue,897 3 AVENUE,MANHATTAN,Office,1261897,BOTH,True,True,True,23.5,14.0,1.68,43.4,34.8,2.3,7.5,1381,963,2,29609504,11332514,1013280001,1038570,40.758417,-73.968856
DEPM 1638 - 111 West 57th Street,111 West 57th Street,MANHATTAN,Multifamily Housing,572348,BOTH,True,True,True,46.3,30.8,1.5,61.5,71.1,6.2,17.3,1337,915,0,26482624,4823272,1-01010-7507,1023728,40.764562,-73.977745
150 William Street -Manhattan,150 William Street,MANHATTAN,Office,463679,BOTH,True,True,True,78.0,14.0,5.58,64.6,75.3,7.9,18.6,1332,968,1,36170106,5804451,1000930001,1001280,40.709729,-74.006255
02-1-New York Head Office,33 Liberty Street,MANHATTAN,Office,870210,BOTH,True,True,True,54.5,14.0,3.9,50.8,28.6,4.0,7.7,1320,1049,6,47452179,13226943,1000660001,1001108,40.708157,-74.00879
230 Park Avenue,230 Park Ave,MANHATTAN,Office,1280745,BOTH,True,True,True,35.4,14.0,2.53,55.7,38.4,2.8,10.6,1317,1041,3,45323080,10081506,1013000001,1036185,40.754508,-73.975951
14 Wall Street,14 Wall Street,MANHATTAN,Office,1087770,BOTH,True,True,True,63.2,14.0,4.52,62.7,30.4,1.3,3.6,1302,456,1,68763575,11223808,1000460009,1001025,40.707347,-74.010997
JEMB - 75 Broad St,61 BROAD STREET,MANHATTAN,Office,671172,BOTH,True,True,True,22.7,14.0,1.62,28.4,31.8,3.3,5.8,1287,736,1,15237040,11250263,1000290070,1000849,40.704915,-74.011538
437 Madison Avenue,437 Madison Avenue,MANHATTAN,Office,857435,BOTH,True,True,True,53.2,14.0,3.81,58.5,39.0,3.2,8.6,1278,857,1,45657900,9420941,1012850021,1035455,40.757519,-73.975827
Gouverneur Gardens Housing Residential and Retail,25 Montgomery Street,MANHATTAN,Multifamily Housing,814552,BOTH,True,True,True,71.0,30.8,2.31,71.8,88.3,3.1,16.2,1266,777,0,57853735,4507367,1002670001;1002590071;1002590001;1002440019;1002430056;1002670010,1083402;1003220;1077586;1077587;1003215;1003212;1003141,40.713434,-73.985077
645 5th Avenue,641 5th Avenue,MANHATTAN,Mixed Use Property,934646,BOTH,True,True,True,53.4,26.3,2.03,56.5,31.0,2.6,6.3,1247,802,1,49897633,11266053,1012877501,1035481,40.759078,-73.976281
NYSE 11 Wall - City Filing,11 Wall St,MANHATTAN,Financial Office,334563,BOTH,True,True,True,65.1,20.1,3.23,33.1,26.5,6.8,5.1,1234,658,4,21775218,12727248,1-00023-0019,1078982,40.707399,-74.011105
135 West 50th St.-RDA,135 West 50th St.,MANHATTAN,Office,751395,BOTH,True,True,True,22.9,14.0,1.64,61.7,279.8,6.5,57.1,1232,948,1,17190483,2507561,1010030005,1022708,40.760374,-73.981533
DEPM 1174 - 212 West 18th Street,206 West 18 Street,MANHATTAN,Multifamily Housing,315455,BOTH,True,True,True,61.7,30.8,2.01,30.3,27.2,13.2,9.3,1231,883,1,19477554,13136754,1007677505,1013854,40.741281,-73.998412
245 Park Avenue,245 Park Avenue,MANHATTAN,Office,1577612,BOTH,True,True,True,37.8,14.0,2.7,44.5,15.5,1.2,2.7,1230,642,2,59573398,21236846,1013010001,1036205,40.754826,-73.975683
Feil - 551 Fifth Avenue,547 5 Avenue,MANHATTAN,Office,438254,BOTH,True,True,True,31.4,14.0,2.25,39.5,67.2,7.0,15.7,1226,875,1,13776312,5724211,1012810001,1035389,40.755439,-73.979448
Evelyn H. Lauder Breast and Imaging Center,300 E 65 St,MANHATTAN,Other - Specialty Hospital,233086,BOTH,True,True,True,112.9,41.4,2.72,51.8,50.7,10.3,10.0,1219,760,2,26305429,7171080,1-01440-0049,1044734,40.764209,-73.961258
770 Broadway,770 BROADWAY,MANHATTAN,Office,1093389,BOTH,True,True,True,21.0,14.0,1.5,28.0,21.3,1.7,3.6,1209,635,1,22919139,15437264,1005540001,1008952,40.730842,-73.991402
180 Maiden Lane,180 Maiden Lane,MANHATTAN,Office,1189698,BOTH,True,True,True,35.9,14.0,2.57,49.5,26.7,2.6,7.3,1187,873,4,42716246,12661407,1000370023,1000874,40.705308,-74.004873
DCAS_1022_Louis J. Lefkowitz Building,80 Centre St,MANHATTAN,Office,472500,BOTH,True,True,True,34.4,14.0,2.46,48.2,73.1,6.2,16.8,1178,838,0,16251904,5118478,1001660027,1001830,40.715447,-74.00189
WCMC - S & Imaging,511 East 71st Street,MANHATTAN,Laboratory,116189,BOTH,True,True,True,379.2,89.9,4.22,65.7,55.8,33.9,17.1,1175,904,0,44057752,6745299,1-01483-7502,1072694;1083345,40.766059,-73.953969
1185 Ave of the Americas,1185 Avenue of the Americas,MANHATTAN,Office,1065089,BOTH,True,True,True,38.0,14.0,2.72,45.8,23.6,1.8,4.3,1159,619,1,40475562,13494168,1009990029,1083717,40.757586,-73.982125
59 Maiden Lane,59 Maiden Lane,MANHATTAN,Office,1073000,BOTH,True,True,True,44.1,14.0,3.16,49.3,21.6,1.7,3.7,1129,600,1,47334959,14282644,1000670001,1079043,40.708266,-74.008231
90 Park Avenue,86 PARK AVENUE,MANHATTAN,Office,908669,BOTH,True,True,True,40.9,14.0,2.93,51.8,31.7,2.8,7.5,1126,712,1,37177051,10132818,1008690034,1017595,40.750377,-73.978955
Brodsky - 200 W 60th Street,200 West 60th Street,MANHATTAN,Multifamily Housing,375227,BOTH,True,True,True,64.4,30.8,2.09,46.2,125.2,7.3,25.4,1124,756,1,24157772,3180534,1011517501,1077845,40.771137,-73.98736
LCPA - Rose Building,131 Amsterdam Avenue,MANHATTAN,Mixed Use Property,360554,BOTH,True,True,True,51.1,26.3,1.94,46.9,53.1,8.6,14.2,1109,786,0,18431402,6108375,1-01137-0001,1077844,40.774505,-73.984619
1 Central Park West,1 Central Park West,MANHATTAN,Multifamily Housing,618334,BOTH,True,True,True,56.5,30.8,1.84,58.6,49.6,4.7,12.6,1103,720,1,34957387,6717000,1011137502,1027191,40.768529,-73.981588
Wavecrest - CAMPUS - 131 Broome - 17 Pitt - 460 Grand,17 Pitt Street,MANHATTAN,Multifamily Housing,443501,BOTH,True,True,True,78.5,30.8,2.55,74.6,127.5,4.5,20.8,1087,664,0,34821085,2809337,1003410070;1003410001,1077598;1088770;1004075,40.716088,-73.984092
Henry Phipps Plaza South,330 E. 26th Street,MANHATTAN,Multifamily Housing,466658,BOTH,True,True,True,76.6,30.8,2.49,73.2,106.1,4.0,17.1,1078,629,0,35742112,3370209,1-00931-0001,1078833;1078835,40.739135,-73.977981
DCAS_1011_Manhattan Municipal Building,1 Centre St,MANHATTAN,Office,1070800,BOTH,True,True,True,45.6,14.0,3.26,83.1,136.2,2.7,29.6,1055,813,2,48812604,2900601,1001210001,1001394,40.713001,-74.004181
345 E 37th St,345 E 37th St,MANHATTAN,Medical Office,924200,BOTH,True,True,True,53.0,14.5,3.66,56.9,46.5,2.4,9.9,1054,743,1,48982332,6613293,1009437501,1076166,40.746037,-73.972944
345 E 37th St,345 E 37th St,MANHATTAN,Medical Office,924200,BOTH,True,True,True,51.8,14.5,3.57,56.6,46.5,2.4,9.9,1054,743,1,47847057,6603375,1-00943-7501,1076166,40.746037,-73.972944
M485 (OECID: 0100994; BBL: 1011560030),100 Amsterdam Avenue,MANHATTAN,K-12 School,401020,BOTH,True,True,True,48.2,29.0,1.66,59.6,85.4,4.8,14.8,1046,621,3,19311754,3820976,1011560030,1030341,40.773629,-73.985273
90 Church Street (74 CHURCH STREET),90 CHURCH STREET,MANHATTAN,Office,982536,BOTH,True,True,True,26.8,14.0,1.92,39.4,24.2,2.0,4.8,1041,646,1,26352631,11868979,1000860001,1001230,40.712586,-74.009775
115 East 57 Street,115 East 57 Street,MANHATTAN,Multifamily Housing,521139,BOTH,True,True,True,55.5,30.8,1.8,64.3,68.1,3.6,12.2,1036,626,1,28948697,4503791,1013127501,1036926,40.7613,-73.969996
GOMPERS,100 PITT STREET,MANHATTAN,Multifamily Housing,507460,BOTH,True,True,True,80.4,30.8,2.61,73.8,84.7,3.8,14.8,1035,625,0,40801188,3775448,1003380001,1082686;1082687;1084357,40.71942,-73.981937
333 E. 38th St,333 E. 38th St,MANHATTAN,Medical Office,404375,BOTH,True,True,True,64.7,14.5,4.47,54.5,45.6,7.4,13.1,1022,797,2,26154808,6396634,1-00944-7502,1021925,40.746756,-73.972727
"00601-New York, NY",611 Fifth Avenue,MANHATTAN,Retail Store,661000,BOTH,True,True,True,18.0,11.2,1.6,21.6,25.3,3.4,6.3,1019,745,2,11873219,11596419,1-01285-1001,1081145,40.758002,-73.977577
NH MEETH Campus,208-222 East 64th Street,MANHATTAN,Other - Specialty Hospital,235075,BOTH,True,True,True,186.0,41.4,4.49,65.2,43.9,12.0,12.1,1002,721,0,43735587,6848197,1014180006;1014180032,1043862;1087753,40.764479,-73.963839
757 3rd Avenue,757 3rd Avenue,MANHATTAN,Office,407767,BOTH,True,True,True,28.2,14.0,2.02,43.7,71.5,5.2,14.3,1001,654,2,11513049,4324125,1013210001,1037986,40.754035,-73.972056
Chanin- 122 East 42nd,122 East 42nd,,Financial Office,850510,BOTH,True,True,True,36.6,20.1,1.82,54.7,39.9,3.5,11.5,998,801,1,31112623,7482807,1012960014,1036152,,
Archdiocese of NY - 1011 1st Ave,1011 1st Ave,MANHATTAN,Office,379996,BOTH,True,True,True,40.1,14.0,2.87,40.0,60.5,5.2,12.1,996,652,1,15242293,6642131,1-01348-0023,1039972,40.757271,-73.963692
New York Blood Center,310 East 67th Street,MANHATTAN,Laboratory,140552,BOTH,True,True,True,262.9,89.9,2.92,71.0,68.4,17.4,16.1,966,676,1,36951890,4426868,1-01441-0040,1044750,40.765386,-73.960171
OCME_294_Manhattan Chief Medical Examiner,520 1st Ave,MANHATTAN,Office,90456,BOTH,True,True,True,101.2,14.0,7.24,47.7,114.6,27.8,25.0,958,749,2,9154027,2946851,1009620001,1022053,40.741451,-73.975201
2 United Nations Plaza,2 United Nations Plaza,MANHATTAN,Office,565000,BOTH,True,True,True,45.5,14.0,3.26,52.9,41.7,3.8,9.4,958,680,1,25714837,6697682,1-01337-0014,1038757,40.750634,-73.970105
888 Seventh Avenue,888 7 AVENUE,MANHATTAN,Office,907527,BOTH,True,True,True,36.1,14.0,2.58,42.4,23.1,1.7,4.0,945,507,1,32747338,11116543,1010280029,1024895,40.765015,-73.980416
"433 1st Ave, Old Public Health",433 1st Ave / 341 E 25th St,,College/University,203479,BOTH,True,True,True,56.4,21.9,2.57,43.1,71.1,14.7,20.0,943,725,1,11476691,4398105,1009310024,1090494;1020609,,
1700 Broadway,824 7 Avenue,MANHATTAN,Office,569740,BOTH,True,True,True,52.4,14.0,3.75,54.1,36.7,2.7,6.3,941,499,1,29859577,7196452,1010250025,1024836,40.763067,-73.981835
Luxury Collection -RDA,151 West 54th Street,MANHATTAN,Hotel,530452,BOTH,True,True,True,53.7,34.6,1.55,56.7,46.1,3.5,9.2,938,560,2,28464041,5908121,1010070005,1069590,40.763245,-73.980582
10 Grand Central (708 3rd Ave / 153 E 44th St),153 EAST 44 STREET,MANHATTAN,Office,395800,BOTH,True,True,True,26.7,14.0,1.91,41.1,72.4,6.0,16.9,935,645,1,10583616,4104508,1012990033,1036177,40.752397,-73.974266
West Side,5 West 63rd St,MANHATTAN,Mixed Use Property,294900,BOTH,True,True,True,77.4,26.3,2.94,63.8,82.4,7.2,17.4,923,676,0,22819035,3581305,1011160024,1027468,40.770689,-73.980465
757 Third Avenue (Brightly),757 Third Avenue,MANHATTAN,Office,504630,BOTH,True,True,True,22.7,14.0,1.63,43.8,65.6,4.4,15.0,909,670,2,11473383,4321384,1-01321-0001,1037986,40.754035,-73.972056
175 West 87th St aka 567-569 Amsterdam Avenue,561 Amsterdam Ave,MANHATTAN,Multifamily Housing,324992,BOTH,True,True,True,55.5,30.8,1.8,69.2,238.2,6.9,40.0,908,598,0,18041996,1640436,1-01218-0001,"1032228, 1086838",40.788449,-73.974443
Rockefeller University Residential - Faculty&Scholars,500-518 E. 63rd Street,MANHATTAN,Multifamily Housing,787420,BOTH,True,True,True,54.3,30.8,1.76,69.5,59.8,2.0,10.5,893,517,0,42742810,5011179,1-01475-0005;1-01475-9005,1046253;1090711,40.760933,-73.957748
2250-Park Lane Hotel,36 Central Park South,MANHATTAN,Hotel,453076,BOTH,True,True,True,85.5,34.6,2.47,69.6,62.7,7.2,20.5,881,774,1,38753599,4886684,1-01274-0011,1035251,40.765053,-73.974795
AKAM - 205 West End Avenue,205 West End Avenue,MANHATTAN,Multifamily Housing,650325,BOTH,True,True,True,49.0,30.8,1.59,66.6,108.9,2.4,18.1,878,529,0,31887287,2166422,1-01179-7503,1070766,40.778573,-73.986377
1407 Broadway,1407 Broadway,MANHATTAN,Office,1114695,BOTH,True,True,True,42.6,14.0,3.05,57.1,22.6,1.0,3.2,877,380,1,47458801,10348438,1008140015,1015265,40.753439,-73.987151
Hahn Kook Center,460 Park Avenue,MANHATTAN,Office,322721,BOTH,True,True,True,29.5,14.0,2.11,42.5,71.3,5.4,13.5,875,534,1,9526006,3778699,1-01293-0035,1036067,40.761783,-73.970638
H+H_4278_Gouverneur Health Care Services,227 Madison St,MANHATTAN,Urgent Care/Clinic/Other Outpatient,466012,BOTH,True,True,True,147.6,83.6,1.77,65.1,23.3,6.3,8.0,870,678,3,68786956,10734332,1002700032,1003224,40.712784,-73.988417
APF - 28 West 44th Street,23 WEST 43 STREET,MANHATTAN,Office,313039,BOTH,True,True,True,40.7,14.0,2.92,55.8,107.5,6.1,20.7,867,591,1,12750440,2688444,1012590019,1034206,40.75458,-73.981379
Shmaya Glick: 22 Cortlandt Street,22 Cortlandt Street,MANHATTAN,Office,693226,BOTH,True,True,True,29.8,14.0,2.14,45.2,35.8,2.0,6.1,867,468,2,20679923,7347222,1-00063-0003,1001069,40.710223,-74.010897
500 Fifth Ave,500 5 AVENUE,MANHATTAN,Office,729477,BOTH,True,True,True,25.5,14.0,1.83,41.4,32.7,3.1,8.6,865,605,1,18606005,7636006,1012580034,1034199,40.753543,-73.980856
422 East 72nd St,422 E. 72ND ST.,MANHATTAN,Multifamily Housing,363095,BOTH,True,True,True,52.0,30.8,1.69,67.0,107.2,5.6,22.0,864,594,1,18873140,2721071,1014667501,1045832,40.767372,-73.954993
NH MEETH 222 E64th St 1087753,222 East 64th Street,MANHATTAN,Other - Specialty Hospital,95061,BOTH,True,True,True,304.7,41.4,7.36,67.6,73.1,33.3,22.7,858,678,1,28969186,4078248,1014180032,1087753,40.764383,-73.963615
Wallack - 120 East 87th Street,114 EAST 87 STREET,MANHATTAN,Multifamily Housing,409222,BOTH,True,True,True,46.7,30.8,1.52,53.3,51.6,4.0,10.1,858,551,1,19123056,4831447,1015157502,1047955,40.780566,-73.956046
Ura Group - 88 Pine Street,88 Pine Street,MANHATTAN,Office,664990,BOTH,True,True,True,58.5,14.0,4.19,67.4,43.0,2.2,7.7,854,495,1,38910695,5508812,1-00038-0017,1000876,40.70536,-74.00629
685 Third Avenue,685 Third Ave,MANHATTAN,Office,602329,BOTH,True,True,True,23.9,14.0,1.71,37.4,34.3,2.6,6.6,853,502,1,14403030,7023228,1013170001,1037555,40.751617,-73.973819
"730 3rd Avenue - LL84, LL97 filings",720 3 Avenue,MANHATTAN,Office,678947,BOTH,True,True,True,22.5,14.0,1.61,36.6,31.0,2.7,6.8,851,529,1,15293719,7770336,1013000033,1036195;1036195,40.752792,-73.972988
185 WEA (185 West End Avenue),185 West End Avenue,MANHATTAN,Multifamily Housing,449713,BOTH,True,True,True,50.1,30.8,1.63,72.7,112.3,3.6,19.3,849,508,0,22537875,2461503,1011797502,1070754,40.777612,-73.986092
666 Third Avenue (Chrysler East),666 Third Avenue,MANHATTAN,Office,784116,BOTH,True,True,True,22.2,14.0,1.59,39.4,30.6,2.4,7.1,833,432,7,17393225,7728434,1012970033,1036161,40.751049,-73.974252
40 Wall Street,40 Wall Street,MANHATTAN,Office,1155995,BOTH,True,True,True,21.5,14.0,1.54,46.7,27.7,1.3,5.2,829,469,1,24853731,8297443,1000430002,1001018,40.706784,-74.010132
DEPM 1644 - 188 East 64th St,1066 3 Avenue,MANHATTAN,Multifamily Housing,255961,BOTH,True,True,True,75.9,30.8,2.47,64.3,84.0,7.0,17.2,813,551,1,19435929,3077953,1013987501,1042137,40.764155,-73.964699
485 Lexington Avenue,485 Lexington Avenue,MANHATTAN,Office,855270,BOTH,True,True,True,22.7,14.0,1.62,42.6,29.9,1.9,6.3,811,518,1,19406344,7659773,1013010023,1036206,40.754244,-73.973994
NYEEI South Bldg,218 2nd Avenue,MANHATTAN,Hospital (General Medical & Surgical),78156,BOTH,True,True,True,309.1,114.1,2.71,47.8,50.3,33.4,15.3,807,638,0,24157331,5002677,1004550001,1006510,40.73184,-73.985304
11 Broadway -Manhattan,11 Broadway,MANHATTAN,Office,434220,BOTH,True,True,True,25.0,14.0,1.79,52.3,91.5,4.6,20.5,799,604,2,10833938,2893391,1000130005,1000044,40.705354,-74.013731
Paramount Hotel by Generator,235 West 46th Street,MANHATTAN,Hotel,222179,BOTH,True,True,True,78.7,34.6,2.27,65.4,112.9,9.4,24.8,795,570,1,17494814,2478922,1010180006,1024737,40.759132,-73.986348
200 Madison Avenue-RDA,200 Madison Avenue,MANHATTAN,Office,659245,BOTH,True,True,True,26.0,14.0,1.86,46.0,38.4,2.1,7.0,795,465,1,17165814,5909271,1008650014,1017122,40.748528,-73.982413
Feil - 570 Lexington Avenue,570 Lexington Avenue,MANHATTAN,Office,554277,BOTH,True,True,True,39.0,14.0,2.79,48.2,38.7,2.0,5.8,787,368,1,21600555,6219042,1-01305-0060,1036459,40.756925,-73.972066
777 Third Avenue,777 Third Avenue,MANHATTAN,Office,555264,BOTH,True,True,True,23.3,14.0,1.67,42.8,45.2,3.2,10.1,780,520,3,12943866,5068174,1013220001,1038000,40.75466,-73.971598
Kato International LLC Current,12 East 49th Street,MANHATTAN,Office,598088,BOTH,True,True,True,29.4,14.0,2.1,42.2,33.2,1.7,4.7,776,332,1,17569674,6277472,1012840007,1035434,40.757642,-73.977043
2455-M Social New York (CHILD),1651 Broadway,MANHATTAN,Hotel,387010,BOTH,True,True,True,52.7,34.6,1.52,46.8,32.7,3.7,6.4,770,481,1,20400206,6629836,1010230018,1024817,40.762164,-73.983575
LL84 - TRB (227 E 30th S),227 East 30th St,MANHATTAN,Data Center,203238,BOTH,True,True,True,101.3,27.0,3.76,44.0,29.2,13.2,10.2,758,559,2,20595317,7676500,1009117503,1019951,40.742695,-73.978705
Allied - Vanderbilt - Parent,235 EAST 40 STREET; 240 GARAGE EAST 41 STREET,MANHATTAN,Multifamily Housing,350328,BOTH,True,True,True,49.6,30.8,1.61,52.6,108.5,5.0,21.7,757,516,0,17361752,2357026,1013147501,1037178;1089503,40.748864,-73.973892
CO/GLC 18137/230 W 36 ST/NEW YORK/NY,230 W 36 ST,MANHATTAN,Data Center,293739,BOTH,True,True,True,364.7,27.0,13.53,75.8,21.7,7.3,6.4,752,559,7,107127268,10005968,1-00785-0049,1083622,40.752709,-73.990731
CUNY CC > BMCC_61_BMCC: Chambers St. Building,199 Chambers St,MANHATTAN,College/University,723777,BOTH,True,True,True,45.0,21.9,2.05,43.2,15.7,1.5,2.6,736,364,1,32552715,12537351,1001420050,1066406,40.716838,-74.012117
Sofitel Hotel,43 West 44th Street,MANHATTAN,Hotel,280328,BOTH,True,True,True,58.7,34.6,1.7,56.1,74.8,7.5,19.3,725,522,1,16467910,3188492,1012600014,1085873,40.755401,-73.981386
NYLS-New York Law Campus,185 West Broadway,MANHATTAN,College/University,344852,BOTH,True,True,True,35.1,21.9,1.6,41.3,43.4,5.1,10.5,722,472,0,12087559,4918534,1001760018;1001760001;1001760004,1001967;1001957;1001958;1001959,40.718175,-74.007114
"NH Lenox Health, Greenwich Village",20-40 7th Avenue,MANHATTAN,Urgent Care/Clinic/Other Outpatient,160000,BOTH,True,True,True,130.4,83.6,1.56,51.9,41.0,11.3,10.2,716,533,0,20864592,5628724,1-00617-0055,1011094,40.737328,-74.000585
810 Seventh Avenue,1680 Broadway,MANHATTAN,Office,723473,BOTH,True,True,True,38.7,14.0,2.77,50.1,24.4,1.5,4.1,715,373,1,28017926,7983086,1010240038,1024828,40.763034,-73.983005
CBS-518,518 W57th St,MANHATTAN,Office,121635,BOTH,True,True,True,119.8,14.0,8.58,30.9,23.6,27.0,10.6,714,507,0,14574040,9378459,1-01085-0041,1027069,40.769617,-73.989769
2 Times Square,712 7th Avenue,MANHATTAN,Hotel,233561,BOTH,True,True,True,72.3,34.6,2.09,35.7,24.3,4.6,4.0,713,357,1,16884927,7948521,1010197501,1024757,40.759527,-73.984406
URA Group - 10 East 40th Street,10 East 40th Street,MANHATTAN,Office,430070,BOTH,True,True,True,38.1,14.0,2.72,50.8,43.3,2.8,7.7,710,406,1,16371424,4655097,1008690066,1017601,40.751879,-73.981091
641 Lexington Avenue,641 Lexington Avenue,MANHATTAN,Office,445690,BOTH,True,True,True,24.1,14.0,1.73,43.2,51.0,3.5,11.0,710,475,1,10742107,4132023,1013090023,1036482,40.75903,-73.970321
BROADWAY 2024 PROPCO LLC,222 BROADWAY,MANHATTAN,Office,756138,BOTH,True,True,True,22.6,14.0,1.62,47.3,36.8,2.2,8.6,710,492,1,17116170,5578641,1000890012,1001245,40.711313,-74.008661
Peninsula NY,695 5th Avenue,MANHATTAN,Hotel,282585,BOTH,True,True,True,62.5,34.6,1.81,46.3,38.2,7.6,11.4,705,527,1,17663200,5510061,1012700038,1034801,40.76132,-73.975158
124110 1370 Avenue of the Americas,1370 Avenue of the Americas,MANHATTAN,Office,311501,BOTH,True,True,True,33.8,14.0,2.42,43.4,51.7,4.7,10.7,697,465,1,10537852,4032896,1012710071,1034855,40.763363,-73.977373
150 East  58th Street,146 EAST 58 STREET,MANHATTAN,Mixed Use Property,593382,BOTH,True,True,True,42.9,26.3,1.63,57.9,36.9,2.7,8.6,692,462,2,25454374,5414922,1013120041,1036915,40.761434,-73.968266
One Dag Hammarskjold Plaza,883 Second Avenue,MANHATTAN,Office,771118,BOTH,True,True,True,37.1,14.0,2.65,57.4,31.6,2.0,7.2,691,484,1,28588908,6227731,1013210022,1037988,40.753145,-73.969794
DEPM 2568 - 435 East 52nd Street,433 East 52 Street,MANHATTAN,Multifamily Housing,464886,BOTH,True,True,True,50.3,30.8,1.63,67.2,68.0,2.9,12.9,682,439,1,23364252,3031476,1013640022,1040155,40.754776,-73.964389
"1375 Broadway, New York, NY 10018, USA",1375 Broadway,MANHATTAN,Office,464927,BOTH,True,True,True,28.2,14.0,2.02,46.4,43.9,2.8,8.5,682,429,1,13093559,4436395,1008130016,1015254,40.752328,-73.987461
320 East 23rd Street,320 E. 23Rd Street,MANHATTAN,Multifamily Housing,153800,BOTH,True,True,True,65.3,30.8,2.12,62.1,146.6,11.1,29.0,676,464,0,10048668,1730251,1009280040,1020580,40.737571,-73.980179
FULTON - Bldgs 1-4,401 WEST 16TH STREET,MANHATTAN,Multifamily Housing,322060,BOTH,True,True,True,312.6,30.8,10.15,92.1,83.4,4.1,15.3,675,413,0,100660609,2531003,1007140031,"1078408, 1078411, 1078409, 1078410",40.742321,-74.004478
101 Avenue of the Americas (95 6 AVENUE),95 6 AVENUE,MANHATTAN,Office,416948,BOTH,True,True,True,29.1,14.0,2.08,28.4,19.6,2.0,2.7,663,272,1,12125296,8962976,1004770011,1007119,40.723077,-74.005029
417 Fifth Avenue,417 Fifth Avenue,MANHATTAN,Office,423771,BOTH,True,True,True,49.2,14.0,3.52,60.7,48.8,4.2,12.7,662,482,1,20843741,3961581,1-00867-0070,1017224,40.750691,-73.982907
InterContinental Hotel: 111 East 48th St,111 East 48th Street,MANHATTAN,Hotel,450111,BOTH,True,True,True,52.9,34.6,1.53,54.4,37.0,4.8,12.0,642,493,2,23832823,5235261,1013030014,1036224,40.75555,-73.973979
57 West 57th Street,57 West 57th Street,MANHATTAN,Office,159168,BOTH,True,True,True,23.7,14.0,1.7,21.7,95.9,13.4,26.2,642,543,1,3770544,2380106,1012730001,1035062,40.763719,-73.975741
Evolution - 135 W 45th St (Hyatt Times Square New York),135 W 45th St,MANHATTAN,Hotel,304831,BOTH,True,True,True,52.6,34.6,1.52,46.2,32.8,4.5,7.3,639,441,0,16022883,5333324,1-00998-0015,1806395,40.757251,-73.983815
Stonehenge - 165 East 66th Street,1130 3rd Avenue,MANHATTAN,Multifamily Housing,255371,BOTH,True,True,True,91.5,30.8,2.97,78.3,126.5,6.3,26.2,638,442,1,23366639,1812699,1014017501,1042464,40.766013,-73.96334
Halstead - 500 Park Avenue - RES - CHILD,56 EAST 59 STREET,MANHATTAN,Multifamily Housing,245468,BOTH,True,True,True,75.2,30.8,2.44,51.2,36.6,5.1,7.5,635,412,0,18455372,4946785,1012947501,1036086,40.763336,-73.970829
Halstead - 500 Park Avenue - PARENT,500 PARK AVENUE;56 EAST 59 STREET,,Multifamily Housing,348646,BOTH,True,True,True,52.9,30.8,1.72,51.2,36.6,3.6,7.5,635,412,0,18455372,4946785,1012947501;1012940037,1036086;1036084,,
63 Madison Avenue-RDA,63 Madison Ave,MANHATTAN,Office,786069,BOTH,True,True,True,60.8,14.0,4.35,64.5,24.3,1.7,5.2,633,393,1,47778685,7285258,1008570024,1016889,40.743478,-73.98607
Vanderbilt,224 East 47th St,MANHATTAN,Fitness Center/Health Club/Gym,159528,BOTH,True,True,True,84.4,46.2,1.83,69.5,146.8,12.1,33.4,628,457,1,13465478,1692294,1013200034,1037605,40.753634,-73.971418
56 Leonard,56 Leonard Street,MANHATTAN,Multifamily Housing,488973,BOTH,True,True,True,48.8,30.8,1.58,53.3,30.1,1.9,4.8,628,306,0,23844719,5346914,1-00176-7501,1088646,40.717898,-74.006273
Westgate New York Grand Central,302-304 East 42Nd Street,MANHATTAN,Hotel,141758,BOTH,True,True,True,63.3,34.6,1.83,51.6,89.6,13.5,23.0,624,463,1,8967895,2463212,1-01334-0005,1038651,40.74969,-73.971903
Wise Towers,109 W. 90Th Street,MANHATTAN,Multifamily Housing,392411,BOTH,True,True,True,49.0,30.8,1.59,65.1,74.7,2.8,12.8,622,363,0,19215913,2493203,1012210007,1077128;1077129;1077130,40.789274,-73.970806
(8003) - Park Towers Tenants Corp (201 East 17th Street),201 East 17th Street,MANHATTAN,Multifamily Housing,269220,BOTH,True,True,True,47.7,30.8,1.55,68.6,147.3,4.9,25.9,617,405,0,12849696,1551209,1-00898-0001,1019551,40.735052,-73.985411
533 and 521 WEST 57 STREET : [521-533 West 57th St.],533 WEST 57 STREET,MANHATTAN,Office,423251,BOTH,True,True,True,65.8,14.0,4.71,58.0,31.6,4.1,9.1,614,460,1,27845380,5650895,1010867501,1027074;1027073,40.769614,-73.989722
CBRE - 110 William Street,100 William Street,MANHATTAN,Office,788241,BOTH,True,True,True,22.9,14.0,1.64,50.7,31.4,1.3,5.8,609,337,1,18024026,5128660,1000770008,1001186,40.708497,-74.007477
1334 York Avenue,1334 York Avenue,MANHATTAN,Mixed Use Property,403660,BOTH,True,True,True,46.0,26.3,1.75,38.8,21.9,4.7,7.1,602,430,1,18557458,8572424,1-01483-0001,1046257,40.766315,-73.954127
41 Madison Ave LP,41 Madison Ave,MANHATTAN,Office,562152,BOTH,True,True,True,53.1,14.0,3.8,57.5,27.2,1.5,4.1,599,277,1,29874308,5940328,1008550037,1016749,40.742616,-73.986698
(8145) - The Cosmopolitan Condominium (145 East 48th Street),145 East 48th Street,MANHATTAN,Multifamily Housing,210781,BOTH,True,True,True,50.9,30.8,1.65,53.0,119.1,6.3,22.7,596,394,0,10731170,1682765,1-01303-7501,1036233,40.755042,-73.972774
TMG - 545 Fifth Ave,545 Fifth Avenue,MANHATTAN,Office,171243,BOTH,True,True,True,42.0,14.0,3.01,43.0,65.3,7.5,13.5,596,395,0,7197312,2792412,1012790069,1035380,40.755164,-73.979188
Ford Foundation - 320 East 43rd,320 East 43rd Street,MANHATTAN,Office,290477,BOTH,True,True,True,47.7,14.0,3.42,50.2,43.7,4.6,9.9,589,395,1,13863292,3954334,1013350005,1038659,40.750156,-73.970935
370 Lexington Avenue,364 Lexington Avenue,MANHATTAN,Office,245292,BOTH,True,True,True,33.4,14.0,2.39,41.0,57.9,4.8,11.3,587,379,1,8193848,3021643,1012950058,1036150,40.750514,-73.976739
521 Fifth Avenue,521 Fifth Avenue,MANHATTAN,Office,446045,BOTH,True,True,True,31.4,14.0,2.25,47.9,38.9,2.9,8.6,585,400,1,14009011,4205977,1012780001,1035355,40.754078,-73.979935
600 Third Avenue,600 3 AVENUE,MANHATTAN,Office,531600,BOTH,True,True,True,37.1,14.0,2.65,47.3,25.3,1.9,4.7,583,333,1,19707450,6237003,1008950045,1019483,40.74898,-73.975783
CO/VZT/208 E 79 ST/NEW YORK/NY,208 E 79 ST,MANHATTAN,Data Center,146975,BOTH,True,True,True,80.8,27.0,3.0,31.4,20.7,8.1,4.6,573,395,1,11878318,7607488,1014330040,1044182,40.77408,-73.956837
(7101) - 100 United Nations Plaza Condominium (100 UN Plaza),100 UN Plaza,MANHATTAN,Multifamily Housing,469819,BOTH,True,True,True,50.6,30.8,1.64,77.1,69.3,2.2,12.6,572,349,0,23769693,1891252,1-01341-7503,1039205;1802397;1808878,40.753164,-73.968325
St. Regis - New York,2 EAST 55TH STREET,MANHATTAN,Hotel,427877,BOTH,True,True,True,74.4,34.6,2.15,54.0,22.6,3.0,5.4,565,431,3,31837466,6973550,1012907502,1035762,40.761559,-73.974681
(8126) - Parkway Village,81-26 150th Street,QUEENS,Multifamily Housing,704500,BOTH,True,True,True,95.8,30.8,3.11,49.7,62.6,1.3,10.1,564,297,0,67499921,19990286,4-06715-0002,4530506,40.717983,-73.81188
05WJG-NYCXR-The St. Regis New York,2 E. 55th Street,MANHATTAN,Hotel,427877,BOTH,True,True,True,79.4,34.6,2.29,55.6,22.5,3.0,5.4,562,430,3,33968915,6975357,1-01290-7502,1035762,40.761559,-73.974681
Colgate Palmolive Building (300 Park),300 Park Avenue,MANHATTAN,Office,777658,BOTH,True,True,True,24.9,14.0,1.78,41.5,19.9,1.7,4.8,561,379,1,19353832,7804434,1012850036,1081146,40.756802,-73.974271
250 Broadway,250 Broadway,MANHATTAN,Office,592893,BOTH,True,True,True,56.3,14.0,4.03,63.1,27.0,1.9,5.9,553,382,1,33382916,5719282,1001247502,1001408,40.712982,-74.007301
160 Water St,160 Water St,MANHATTAN,Office,481819,BOTH,True,True,True,22.0,14.0,1.57,83.8,39.7,2.4,8.5,552,380,1,10595598,602003,1000700043,1001135,40.706452,-74.005594
DCAS_1020_Health Building,125 Worth St,MANHATTAN,Office,406109,BOTH,True,True,True,31.0,14.0,2.22,56.1,57.7,3.1,12.7,551,381,0,12571232,2888514,1001680032,1001831,40.715428,-74.002673
730 Fifth Avenue,730 Fifth Avenue,MANHATTAN,Hotel,346858,BOTH,True,True,True,62.1,34.6,1.79,31.8,16.0,3.1,3.4,549,361,1,21540262,9385211,1012727503,1035053,40.762635,-73.974222
730 Fifth Avenue,730 Fifth Avenue,MANHATTAN,Office,346858,BOTH,True,True,True,47.4,14.0,3.39,39.7,16.0,3.1,3.4,549,361,1,16424930,7260346,1-01272-7503,1035053,40.762635,-73.974222
489 5th Avenue,489 5th Avenue,MANHATTAN,Office,167075,BOTH,True,True,True,36.6,14.0,2.62,51.3,110.8,8.3,23.9,546,410,1,6113148,1698555,1012760004,1076266,40.75309,-73.981159
39 Broadway,39 Broadway,MANHATTAN,Office,447442,BOTH,True,True,True,29.5,14.0,2.11,53.0,45.5,2.1,8.1,541,308,1,13206523,3356711,1000200004,1000803,40.706251,-74.012952
WCMC - WGC (YAB) Building,1305 York Ave,MANHATTAN,Ambulatory Surgical Center,297500,BOTH,True,True,True,173.3,98.7,1.76,55.6,19.9,4.1,4.8,540,407,0,51562993,7502161,1-01464-0028,1085699;1045586,40.765346,-73.954857
540 Madison Avenue,540 Madison Avenue,MANHATTAN,Office,291173,BOTH,True,True,True,34.8,14.0,2.49,47.1,45.5,3.1,7.9,540,299,1,10128672,3340282,1012900056,1035759,40.761081,-73.973797
Sherry Netherland - 781 5th Avenue,781 5th Avenue,MANHATTAN,Mixed Use Property,314509,BOTH,True,True,True,69.9,26.3,2.66,53.4,31.9,3.8,7.3,539,367,1,21984345,4814436,1013740001,1040751,40.764454,-73.972871
950 Third Avenue New York,950 Third Avenue,MANHATTAN,Office,320585,BOTH,True,True,True,62.2,14.0,4.45,61.5,44.7,2.9,7.9,539,305,1,19943061,3660471,1-01311-0040,1036882,40.76016,-73.967596
Wavecrest CHILD of CAMPUS - 460 Grand St,444 Grand Street,MANHATTAN,Multifamily Housing,265181,BOTH,True,True,True,131.3,30.8,4.27,85.7,120.3,3.5,19.4,531,311,0,34821085,1414232,1003410001,1004075,40.715397,-73.984842
Triborough Pres LLC (Campos) (2126camp),635 East 12th Street,MANHATTAN,Multifamily Housing,289613,BOTH,True,True,True,66.9,30.8,2.17,38.5,117.2,3.1,18.4,522,299,0,19367828,1450894,"1003950009, 1003950022","1079061, 1082803",40.727478,-73.977519
50 UN Plaza,50 UNITED NATIONS PLZ.,MANHATTAN,Multifamily Housing,288541,BOTH,True,True,True,57.1,30.8,1.85,57.6,46.3,3.4,8.9,513,322,1,16468364,3202392,1013397502,1089803,40.7515,-73.967885
CBRE - 717 5th Ave,717 5th Ave,MANHATTAN,Office,451845,BOTH,True,True,True,22.4,14.0,1.6,40.5,32.2,1.9,5.7,510,284,1,10114277,4359663,1-01291-7501,1035776,40.762135,-73.974562
AKAM - 301 West 57th Street,301 West 57th Street,MANHATTAN,Multifamily Housing,341429,BOTH,True,True,True,51.0,30.8,1.66,48.9,24.6,1.5,2.9,506,175,1,17419862,5257956,1010487503,1076205,40.766902,-73.983296
100 East 53rd Street,100 E. 53RD ST.,MANHATTAN,Multifamily Housing,339294,BOTH,True,True,True,47.0,30.8,1.53,51.4,37.6,3.2,8.1,505,288,1,15957524,3888272,1013077502,1090179,40.758816,-73.972061
2022_Hippodrome- 1120 Avenue of the Americas,1120 Avenue of the Americas,MANHATTAN,Office,617347,BOTH,True,True,True,36.2,14.0,2.59,48.0,19.5,1.6,4.2,500,258,1,22343321,7080904,1-01259-0001,1034202,40.755651,-73.983516
Copy of 1063 Bergdorf Goodman,754 5th Avenue,MANHATTAN,Retail Store,267610,BOTH,True,True,True,21.4,11.2,1.91,20.6,21.6,5.3,6.5,497,321,2,5733492,6487536,1012730033,1081142,40.763469,-73.973615
675 Third Ave,675 3rd Ave,MANHATTAN,Office,289356,BOTH,True,True,True,57.1,14.0,4.08,62.9,47.9,1.9,5.7,495,184,3,16512875,2852609,1013160001,1037549,40.750791,-73.973963
530 Fifth Avenue,530 5th Ave,MANHATTAN,Office,491003,BOTH,True,True,True,25.8,14.0,1.85,42.6,27.8,2.1,5.9,495,306,1,12690930,5005199,1012607503,1034227,40.754879,-73.979877
Bergdorf Goodman #1063,4 W 58th St,MANHATTAN,Retail Store,61000,BOTH,True,True,True,94.0,11.2,8.38,21.4,22.8,26.0,7.5,490,350,1,5731760,6155485,1012730044,1035074,40.763785,-73.973788
M460 (OECID: 0100181; BBL: 1008720057),40 Irving Place,MANHATTAN,K-12 School,450200,BOTH,True,True,True,50.0,29.0,1.72,78.2,85.1,2.4,17.4,490,361,0,22498539,1836112,1008720057,1017828,40.735494,-73.987659
1063 Bergdorf Goodman,754 5th Avenue,MANHATTAN,Retail Store,267610,BOTH,True,True,True,20.2,11.2,1.8,20.4,22.8,5.9,7.5,490,350,2,5414310,6210424,1-01273-0033,1081141,40.763469,-73.973615
AMSTERDAM ADDITION,240 WEST 65TH STREET,MANHATTAN,Multifamily Housing,162599,BOTH,True,True,True,84.5,30.8,2.75,72.0,118.6,6.0,20.8,489,298,0,13743752,1374110,1011560020,1030340,40.77484,-73.986493
AKAM - 400 East 54th Street,400 East 54th Street,MANHATTAN,Multifamily Housing,243945,BOTH,True,True,True,54.9,30.8,1.78,73.6,124.0,3.8,21.0,488,299,1,13398745,1287458,1013657502,1076281,40.756308,-73.964165
555 Madison Avenue,555 Madison Ave,MANHATTAN,Office,369787,BOTH,True,True,True,26.3,14.0,1.89,36.4,26.6,2.1,4.7,483,264,2,9742180,4996567,1012917502,1035775,40.761177,-73.973161
Allied - 1423 2nd Avenue - Child,1423 2 AVENUE,MANHATTAN,Multifamily Housing,149793,BOTH,True,True,True,69.2,30.8,2.25,41.2,40.3,6.8,8.7,482,320,1,10368696,3442025,1014297502,1087912;1087911,40.770268,-73.957305
The Salvation Army DHQ,120 West 14th Street,MANHATTAN,Office,182554,BOTH,True,True,True,65.1,14.0,4.66,62.8,86.5,7.6,21.7,480,369,2,11891786,1871727,1006090023,1010639,40.737704,-73.997676
Tower 53,825 seventh Ave,MANHATTAN,Mixed Use Property,392397,BOTH,True,True,True,51.7,26.3,1.96,67.0,46.3,3.0,11.1,480,322,1,20274932,2785687,1-01006-7501,1023166,40.763155,-73.981745
600 Madison Avenue,600 Madison Avenue,MANHATTAN,Office,341495,BOTH,True,True,True,39.1,14.0,2.8,44.7,26.0,1.8,3.8,470,206,2,13346962,4841241,1012930059,1036076,40.762629,-73.972125
595 Madison Avenue,595 MADISON AVENUE,MANHATTAN,Office,314432,BOTH,True,True,True,29.5,14.0,2.11,43.6,37.8,2.6,6.9,469,275,2,9274431,3511306,1012930026,1036061,40.762384,-73.97228
Century - 233 East 69th Street,1317 2 AVENUE,MANHATTAN,Multifamily Housing,222962,BOTH,True,True,True,57.2,30.8,1.86,73.7,122.7,3.9,20.5,459,282,0,12755705,1239262,1014247501,1072223,40.767091,-73.959625
Charles H. Greenthal: 233 EAST 69 STREET,233 EAST 69 STREET,MANHATTAN,Multifamily Housing,243717,BOTH,True,True,True,48.1,30.8,1.56,73.1,122.7,3.6,20.5,459,282,0,11718751,1174112,1-01424-7501,1072223,40.767258,-73.960675
Allied - 138 East 63rd Street,140 East 63rd Street,MANHATTAN,Multifamily Housing,223227,BOTH,True,True,True,81.3,30.8,2.64,60.4,54.0,5.7,14.2,458,334,1,18158734,2624573,1013977505,1042055,40.764592,-73.966052
650 Fifth Avenue Company,650 Fifth Avenue,MANHATTAN,Office,386379,BOTH,True,True,True,21.5,14.0,1.54,30.6,22.4,1.9,4.0,457,249,1,8317619,5533314,1012670041,1034517,40.759789,-73.976544
450 Park Avenue,450 Park Avenue,MANHATTAN,Office,314113,BOTH,True,True,True,55.3,14.0,3.96,54.2,29.1,3.5,7.5,439,321,1,17379195,4297608,1012920037,1035780,40.761396,-73.97092
1350 Ave of the Americas,1350 Avenue of the Americas,MANHATTAN,Office,541850,BOTH,True,True,True,43.7,14.0,3.13,56.7,23.0,1.3,4.0,436,235,1,23690762,5154499,1012700071,1034815,40.762731,-73.978341
850 Third Avenue (838 3 AVE),838 3 AVENUE,MANHATTAN,Office,515239,BOTH,True,True,True,28.3,14.0,2.03,56.3,37.0,1.6,7.4,434,279,1,14584208,3316950,1013060033,1036462,40.756551,-73.970254
1330 Avenue of the Americas,1330 Avenue of the Americas,MANHATTAN,Office,474244,BOTH,True,True,True,75.7,14.0,5.42,66.5,21.9,1.3,3.5,429,212,1,35883821,5291072,1012690001,1034522,40.762103,-73.978803
2480-Algonquin Hotel,59 W 44th St.,MANHATTAN,Hotel,90169,BOTH,True,True,True,87.3,34.6,2.52,53.0,82.9,8.6,14.7,424,259,1,7868018,1609779,1-01260-0007,1081059,40.755555,-73.981754
575 Park Ave,575 Park Ave,MANHATTAN,Multifamily Housing,202841,BOTH,True,True,True,51.3,30.8,1.66,60.5,91.1,4.0,16.2,423,261,1,10396420,1454701,1013970069,1042059,40.765219,-73.968106
AKAM - 10 Park Avenue,10 Park Avenue,MANHATTAN,Multifamily Housing,227098,BOTH,True,True,True,51.7,30.8,1.68,70.2,110.5,3.7,19.9,419,278,0,11742321,1181433,1-00864-0035,1017105,40.747339,-73.981165
HSS - Caspary Research Center (Pavilion),541 E 71st Street,MANHATTAN,Medical Office,78589,BOTH,True,True,True,140.4,14.5,9.69,48.8,40.2,16.1,11.9,418,321,1,11031508,3387262,1-01483-0023,1046258,40.765735,-73.9532
360 Lexington Avenue,360 Lexington Avenue,MANHATTAN,Office,238294,BOTH,True,True,True,31.8,14.0,2.28,51.2,60.4,4.1,13.5,417,279,2,7573959,2119027,1012950017,1036145,40.750429,-73.9768
300 West 55th St.,911 8Th Avenue,MANHATTAN,Multifamily Housing,342276,BOTH,True,True,True,63.8,30.8,2.07,72.1,48.7,2.5,10.3,411,289,1,21844912,2472220,1010450029,1025416,40.76489,-73.984224
DE HOSTOS APARTMENTS,201 WEST 93RD STREET,MANHATTAN,Multifamily Housing,246724,BOTH,True,True,True,60.7,30.8,1.97,71.6,82.4,3.0,14.1,408,242,0,14984030,1526343,1012410025,1033648,40.792156,-73.971813
10 East 53rd Street,10 East 53rd Street,MANHATTAN,Office,374197,BOTH,True,True,True,63.0,14.0,4.51,56.8,20.1,1.2,2.6,404,152,1,23579565,5258664,1012880007,1035709,40.760121,-73.975144
100 Wall Street,100 Wall Street,MANHATTAN,Office,487760,BOTH,True,True,True,63.2,14.0,4.52,64.6,21.9,1.3,3.7,401,208,2,30819744,4943968,1000380001,1000875,40.70497,-74.007084
200 (655 3rd Ave),200  East  42nd  St.,MANHATTAN,Office,383165,BOTH,True,True,True,58.1,14.0,4.16,66.3,33.9,2.5,8.4,390,277,1,22263884,3309672,1013150001,1037545,40.750698,-73.974306
1270 Broadway,1270 Broadway,MANHATTAN,Office,130307,BOTH,True,True,True,38.0,14.0,2.72,56.5,121.6,7.1,24.3,390,267,1,4947147,1117041,1008340080,1015858,40.748655,-73.988097
"Bluesky: 95 W 95th, 721 Columbus Ave, 60 W 96th (CAMPUS)","95 W 95th, 721 Columbus Ave, 60 W 96th",,Multifamily Housing,315129,BOTH,True,True,True,61.4,30.8,2.0,82.3,101.6,2.3,17.4,389,227,0,19363781,1217302,1012090001,1031706;1086833;1088109,,
145 East 27th St Co LLC,145 EAST 27TH STREET,MANHATTAN,Multifamily Housing,175110,BOTH,True,True,True,50.7,30.8,1.65,74.9,175.7,5.5,32.5,387,261,0,8870464,870495,1008830044,1018177,40.741908,-73.98261
25 Montgomery St,25 Montgomery Street,MANHATTAN,Multifamily Housing,136070,BOTH,True,True,True,425.2,30.8,13.81,91.4,84.8,5.0,14.3,383,225,0,57853735,1386350,1002670001,1083402,40.713434,-73.985077
Winter Garden,1632 Broadway,MANHATTAN,Performing Arts,63813,BOTH,True,True,True,61.4,13.7,4.48,35.0,59.8,16.5,15.4,382,273,1,3917203,2005617,1010220026,1024810,40.761516,-73.983976
575 Madison Ave.,575 Madison Avenue,MANHATTAN,Office,421837,BOTH,True,True,True,26.7,14.0,1.91,46.7,28.8,2.1,7.0,380,250,1,11268148,3767546,1012920052,1035789,40.7618,-73.972706
Feil - 444 East 82nd Street,426 East 82 Street,MANHATTAN,Multifamily Housing,502595,BOTH,True,True,True,49.1,30.8,1.6,71.2,41.8,1.7,9.5,375,279,1,24700373,2594216,1015610021,1050396,40.773627,-73.949707
2 Dag Hammarskjold Condo,866 2nd Avenue,MANHATTAN,Office,90605,BOTH,True,True,True,54.9,14.0,3.93,58.6,129.5,11.5,29.1,368,279,1,4970764,1030936,1-01339-7501,1038896,40.752555,-73.970202
301 East Tenants Corp (301 East 75th Street),301 East 75th Street,MANHATTAN,Multifamily Housing,128250,BOTH,True,True,True,68.2,30.8,2.22,62.3,73.4,4.8,12.1,367,203,1,8752187,1479179,1014500001,1045135,40.770641,-73.956651
WEST SIDE URBAN RENEWAL (SITE B),74 WEST 92ND STREET,MANHATTAN,Multifamily Housing,156140,BOTH,True,True,True,75.2,30.8,2.44,73.8,109.5,4.8,20.0,366,229,0,11738835,1104496,1012050001,1031623,40.790056,-73.968834
100 William,100 William Street,MANHATTAN,Office,377120,BOTH,True,True,True,47.0,14.0,3.37,59.0,26.9,1.3,4.0,366,164,1,17731448,3611827,1000680036,1001116,40.708497,-74.007477
Milstein Emigrant Savings,6 East 43rd Street,MANHATTAN,Office,340721,BOTH,True,True,True,36.3,14.0,2.6,55.5,29.8,2.4,7.0,365,257,1,12365231,2896233,1-01277-0008,1035347,40.753979,-73.979997
344 E 28th Street,463 1 Avenue,MANHATTAN,Multifamily Housing,218666,BOTH,True,True,True,68.5,30.8,2.23,74.0,89.3,3.6,17.6,364,232,0,14984293,1306665,1009330025,1020611,40.739505,-73.976642
AKAM - 155 East 38th Street,155 East 38th Street,MANHATTAN,Multifamily Housing,164456,BOTH,True,True,True,56.3,30.8,1.83,62.4,77.7,4.9,16.1,362,238,1,9259826,1555032,1-00894-7502,1019272,40.748434,-73.976714
205,201/205  East  42nd  st.,,Office,471053,BOTH,True,True,True,49.7,14.0,3.55,57.4,21.5,1.3,4.0,362,209,5,23389245,4598713,1013167501,1037550,,
150 West 96th Street,150 West 96th Street,MANHATTAN,Multifamily Housing,216315,BOTH,True,True,True,74.0,30.8,2.4,79.3,111.7,2.7,16.8,359,194,0,16008280,1007329,1-01226-0045,1032613,40.793457,-73.968973
Leman: 41 Broad Street,41 Broad Street,MANHATTAN,K-12 School,97962,BOTH,True,True,True,70.2,29.0,2.42,57.7,78.9,10.9,20.8,359,267,1,6875959,1477546,1-00025-0010,1000823,40.705576,-74.011448
502 Park Avenue,502 Park Avenue,MANHATTAN,Multifamily Housing,252049,BOTH,True,True,True,51.8,30.8,1.68,61.4,44.7,4.0,12.3,351,242,2,13068102,2379512,1013747502,1040756,40.763012,-73.969739
KERN57 - 303 East 57th Street,303 East 57th Street,MANHATTAN,Mixed Use Property,539027,BOTH,True,True,True,684.5,26.3,26.03,90.3,33.3,1.7,9.1,345,285,2,368946008,2973140,1013500001,1039997,40.75922,-73.965059
DSNY_3879_Administrative Offices,44 Beaver St,MANHATTAN,Office,97596,BOTH,True,True,True,40.4,14.0,2.89,51.3,109.8,8.7,22.8,344,258,0,3938445,1082912,1000290073,1000850,40.705066,-74.010939
410 Madison Avenue,410 Madison Ave,MANHATTAN,Office,62644,BOTH,True,True,True,74.5,14.0,5.33,53.6,103.8,14.9,24.5,343,249,1,4667370,1182764,1012840014,1035437,40.756706,-73.976444
RY - 414 East 59th Street,414 East 59th Street,MANHATTAN,Multifamily Housing,128200,BOTH,True,True,True,79.5,30.8,2.58,78.0,162.9,6.0,29.2,341,234,0,10191011,827199,1-01370-0038,1072003;1802488,40.759373,-73.961409
Maxwell: 200 East 61st St,200 East 61st Street,MANHATTAN,Multifamily Housing,345452,BOTH,True,True,True,71.5,30.8,2.32,74.3,38.6,2.2,8.9,340,250,2,24697411,2473449,1014157501,1043547,40.762657,-73.965338
AKAM - 530 East 76th Street,530 East 76th Street,MANHATTAN,Multifamily Housing,344693,BOTH,True,True,True,72.9,30.8,2.37,73.5,38.8,2.7,10.7,337,265,1,25141008,2555672,1014877502,1072696,40.769077,-73.95101
621 Columbus Avenue,621 Columbus Avenue,MANHATTAN,Multifamily Housing,252351,BOTH,True,True,True,55.3,30.8,1.8,67.7,55.7,2.6,10.8,334,187,1,13954863,1687678,1-01204-0001,1031595,40.789189,-73.970189
RY - 333 East 34th Street,331 East 34th Street,MANHATTAN,Multifamily Housing,204230,BOTH,True,True,True,49.2,30.8,1.6,75.0,118.0,3.0,19.3,334,201,0,10052035,920866,1009407501,1021903,40.744319,-73.974756
733,733  Third  Avenue,MANHATTAN,Office,389286,BOTH,True,True,True,36.8,14.0,2.63,44.7,19.6,1.9,4.7,329,230,2,14319701,4680609,1013190047,1037596,40.753074,-73.972753
145 East 16th Street AKA 180 Third Avenue,145 East 16th Street AKA 180 Third Avenue,MANHATTAN,Multifamily Housing,236064,BOTH,True,True,True,56.5,30.8,1.84,62.8,49.1,3.1,10.9,325,241,1,13349230,1960083,1008720035,1017822,40.735063,-73.987248
M267 (OECID: 0101607; BBL: 1014180007),213 East 63rd Street,MANHATTAN,K-12 School,50060,BOTH,True,True,True,100.4,29.0,3.46,68.4,211.8,19.0,41.8,316,290,2,5026740,667573,1014180007,1087680,40.763842,-73.964222
399 East 72nd Apartment Owners Inc. (399 E 72 St),399 E 72 St,MANHATTAN,Multifamily Housing,159403,BOTH,True,True,True,69.7,30.8,2.27,72.1,80.4,3.7,14.6,310,197,0,11117859,1187271,1014670001,1045843,40.767778,-73.955917
1646 1 Avenue,1646 1 Avenue,MANHATTAN,Multifamily Housing,213220,BOTH,True,True,True,47.9,30.8,1.56,70.7,95.5,3.0,17.8,310,164,0,10206957,1113476,1-01565-0001,1050529,40.776614,-73.949556
Asia Society Building and Museum,725 Park Avenue,MANHATTAN,Museum,54139,BOTH,True,True,True,236.9,106.8,2.22,65.9,51.8,21.3,17.5,307,248,1,12828133,1939755,1-01405-0001,1042714,40.770032,-73.964594
1180 Avenue of the Americas,1180 Avenue of the Americas,MANHATTAN,Office,396211,BOTH,True,True,True,27.7,14.0,1.98,51.2,40.8,2.4,12.5,306,240,1,10967451,2296013,1-01262-0001,1034313,40.757479,-73.982176
250 Park Ave,250 Park Avenue,MANHATTAN,Office,519783,BOTH,True,True,True,30.8,14.0,2.2,52.7,20.0,1.3,4.8,304,202,5,15996914,4212193,1012820034,1035405,40.755018,-73.975568
1 Beekman Pl,1 BEEKMAN PL.,MANHATTAN,Multifamily Housing,217175,BOTH,True,True,True,48.3,30.8,1.57,71.3,76.6,2.2,12.3,303,161,0,10485911,1159010,1013610021,1040079,40.752872,-73.96513
The Carlyle Hotel NYC - 35 East 76th,35 East 76th Street,MANHATTAN,Hotel,316779,BOTH,True,True,True,111.6,34.6,3.22,69.7,20.7,1.3,3.0,298,133,2,35350147,3853074,1013910021,1041797,40.774267,-73.963285
Triborough Pres LLC (2126) - 205 Avenue C,205 Avenue C,MANHATTAN,Multifamily Housing,149253,BOTH,True,True,True,129.8,30.8,4.22,81.5,110.0,3.3,16.9,296,162,0,19367828,862835,1003950022,1082803,40.727362,-73.976458
55 W. 39th St.,55 West 39th Street,MANHATTAN,Office,124438,BOTH,True,True,True,29.2,14.0,2.09,51.1,101.5,7.1,25.5,292,222,1,3634511,1020454,1008410008,1016035,40.752313,-73.983993
STRAUS,224 EAST 28TH STREET,MANHATTAN,Multifamily Housing,230513,BOTH,True,True,True,88.7,30.8,2.88,83.3,83.0,2.5,15.5,288,184,0,20449495,1084855,1009080017;1009080027,1019877;1019879,40.741567,-73.979921
The Diamond & Jewelry Ind Comm Condo,62 West 47th Street,MANHATTAN,Office,170602,BOTH,True,True,True,64.3,14.0,4.6,51.2,37.3,5.0,10.9,287,221,4,10967451,2295907,1-01262-7501,1034356,40.757451,-73.980469
14 East 60th Street,14 East 60th Street,MANHATTAN,Office,129837,BOTH,True,True,True,32.3,14.0,2.31,27.1,37.7,3.7,6.9,281,159,0,4191954,2020859,1013740060,1040763,40.76438,-73.971362
university club of New York,1 West 54th Street,MANHATTAN,Hotel,200000,BOTH,True,True,True,67.0,34.6,1.94,47.2,20.3,2.0,3.1,280,130,1,13397482,3657922,1-01270-0034,1034800,40.761252,-73.975854
385 Fifth Avenue LLC,385 5Th Avenue,MANHATTAN,Office,94471,BOTH,True,True,True,35.9,14.0,2.57,49.0,89.2,7.9,21.1,277,207,1,3392190,1033678,1008650071,1017134,40.749563,-73.983726
"Jay on 38th Street, LLC:8 WEST 38 STREET",8 WEST 38 STREET,MANHATTAN,Office,112120,BOTH,True,True,True,46.8,14.0,3.35,61.1,91.1,5.7,19.2,273,192,1,5249026,979958,1008390055,1075696,40.751215,-73.983354
ABS - 8 West 38,8 West 38,,Office,114724,BOTH,True,True,True,22.0,14.0,1.58,45.0,91.4,5.6,19.2,273,193,1,2526838,901633,1-00839-0055,1075696,,
505 5th Avenue,505 5th Avenue,MANHATTAN,Office,272443,BOTH,True,True,True,24.3,14.0,1.74,32.3,18.0,1.5,2.9,272,134,1,6617804,4068492,1012770002,1035344,40.753663,-73.980744
Copy of DEPM 1828 - 200 East 62nd Street,200 East 62 Street,MANHATTAN,Multifamily Housing,249191,BOTH,True,True,True,57.8,30.8,1.88,68.5,41.1,2.7,10.1,270,200,1,14405454,1928816,1014167501,1043780,40.763283,-73.964879
210 East 15th Street,210 East 15th Street,MANHATTAN,Multifamily Housing,136191,BOTH,True,True,True,54.0,30.8,1.76,73.5,125.4,3.6,20.1,270,159,0,7360580,723538,1-00896-0039,1019521,40.733647,-73.985917
Allan Rosenfield LL97 Building,"722 W 168 Street, 1050 Riverside Drive, 1072 Riverside Drive",MANHATTAN,College/University,256438,BOTH,True,True,True,187.5,21.9,8.54,78.0,19.7,4.6,8.6,268,256,0,48072981,3972236,1021390017;1021390030,1063400;1063401,40.842215,-73.942434
110 EAST 42ND STREET,110 East 42 Street,MANHATTAN,Office,319981,BOTH,True,True,True,56.5,14.0,4.05,62.9,26.4,2.6,8.2,268,205,1,18092360,2913611,1012967501,1036154;1083181,40.751807,-73.976944
Abro - 280 Broadway,280 Broadway,MANHATTAN,Office,148868,BOTH,True,True,True,25.3,14.0,1.81,21.4,18.4,2.1,2.4,268,102,1,3771274,4068912,1-00153-1001;1-00153-0001,1079215,40.714417,-74.006089
DalanRE - 230 East 44th Street,230 East 44th Street,MANHATTAN,Multifamily Housing,116000,BOTH,True,True,True,46.3,30.8,1.5,63.5,103.2,5.1,20.4,267,181,0,5366612,855096,1013170030,1037565,40.751713,-73.972692
(8875) - 875 Tenant Corp (875 Fifth Avenue),875 Fifth Avenue,MANHATTAN,Multifamily Housing,229577,BOTH,True,True,True,48.9,30.8,1.59,45.9,72.7,1.8,11.9,266,136,0,11229761,979607,1-01383-0069,1041288,40.770247,-73.96863
The Kitano New York Hotel,66 Park Avenue,MANHATTAN,Hotel,105231,BOTH,True,True,True,88.9,34.6,2.57,60.9,59.0,8.6,18.4,262,219,1,9350178,1444352,1008670042,1017211,40.749513,-73.979583
Chatham Towers,170 Park Row,MANHATTAN,Multifamily Housing,267051,BOTH,True,True,True,63.1,30.8,2.05,77.8,57.5,2.3,13.4,261,207,1,16842181,1358687,1001610001,1077439,40.713215,-73.999931
Colony Club,560 Park Ave,MANHATTAN,Hotel,88493,BOTH,True,True,True,58.1,34.6,1.68,49.3,62.2,7.6,15.2,260,173,0,5139107,1298679,1013770033,1040899,40.764941,-73.968333
770 Park Ave,770 PARK AVE.,MANHATTAN,Multifamily Housing,210783,BOTH,True,True,True,48.7,30.8,1.58,69.4,60.2,2.2,11.0,259,156,0,10270609,1251755,1013870037,1041464,40.771621,-73.96346
29 Broadway,29 Broadway,MANHATTAN,Office,300954,BOTH,True,True,True,32.2,14.0,2.3,57.8,36.3,1.8,7.8,259,177,2,9676952,2073259,1-00020-0001,1000802,40.70601,-74.01315
WEST SIDE URBAN RENEWAL (SITE C),589 AMSTERDAM AVENUE,MANHATTAN,Multifamily Housing,146436,BOTH,True,True,True,65.3,30.8,2.12,69.4,76.2,3.3,13.8,258,157,0,9558996,1038255,1012190001,1032284,40.789261,-73.973851
CW - 52 Broadway,52 Broadway,MANHATTAN,Office,345540,BOTH,True,True,True,21.9,14.0,1.57,34.0,16.4,1.3,3.1,257,148,2,7560091,4186832,1000220028,1000814,40.706493,-74.012725
501 Madison Ave,501 Madison Ave,MANHATTAN,Office,170200,BOTH,True,True,True,27.8,14.0,1.99,42.4,39.2,3.6,9.3,256,175,1,4730293,1885168,1-01288-0021,1035711,40.759204,-73.974599
Helmsley Spear - 83 Maiden Lane,83 Maiden Lane,MANHATTAN,Office,155714,BOTH,True,True,True,34.5,14.0,2.47,37.2,30.6,3.0,6.0,255,157,1,5369358,2328093,1-00068-0007,1001111,40.707443,-74.007607
4 W 58th Street,4 W 58th Street,MANHATTAN,Office,67416,BOTH,True,True,True,1030.2,14.0,73.74,93.0,41.5,8.3,9.4,249,170,1,69454993,1530824,1-01273-0044,1035074,40.763785,-73.973788
AKAM - 310 East 70th Street,310 East 70th Street,MANHATTAN,Multifamily Housing,119000,BOTH,True,True,True,53.7,30.8,1.75,74.3,160.4,4.2,26.4,247,153,0,6394772,580254,1-01444-0043,1044830,40.767233,-73.958722
Madison Avenue: 240 Madison Ave,240 Madison Ave,MANHATTAN,Office,79826,BOTH,True,True,True,28.1,14.0,2.01,30.2,75.1,7.9,17.7,244,173,0,2242570,1048753,1008670018,1017196;1088972,40.75001,-73.981333
720 Park Ave,720 PARK AVE.,MANHATTAN,Multifamily Housing,206989,BOTH,True,True,True,51.2,30.8,1.66,70.3,51.2,1.5,7.3,241,105,0,10605824,1267584,1013850032,1041332,40.76995,-73.964681
30 Vesey Street,30 Vesey Street,MANHATTAN,Office,71959,BOTH,True,True,True,37.6,14.0,2.69,55.4,120.3,6.2,20.4,235,148,0,2708947,639418,1000880010,1001237,40.711977,-74.009865
Dom Ben Realty Corp,280 Madison Avenue,MANHATTAN,Office,76811,BOTH,True,True,True,25.6,14.0,1.83,30.5,67.3,8.4,17.3,231,176,1,1964750,1099851,1-00869-0061,1017599,40.751432,-73.980301
(7651) - 150 East Tenants Corp. (150 East 61st Street),150 East 61st Street,MANHATTAN,Multifamily Housing,184500,BOTH,True,True,True,51.8,30.8,1.68,66.5,55.9,4.1,17.0,230,175,1,9552692,1346817,1-01395-0050,1041938,40.763319,-73.966912
Century - 315 East 70th Street,309 EAST 70 STREET,MANHATTAN,Multifamily Housing,145748,BOTH,True,True,True,59.9,30.8,1.95,77.8,116.4,3.0,19.7,229,137,0,8730121,649981,1014450007,1044837,40.76731,-73.958863
DEPM 7568 - 233 East 70th St,1329 2 Avenue,MANHATTAN,Multifamily Housing,96820,BOTH,True,True,True,50.6,30.8,1.65,55.7,104.4,4.1,17.0,229,132,0,4903865,686441,1014257501,1072227,40.767593,-73.959263
148 Madison Avenue,148 Madison Avenue,MANHATTAN,Office,79800,BOTH,True,True,True,24.2,14.0,1.73,32.0,71.9,7.3,16.9,227,162,0,1927438,1005155,1008610064,1017000,40.746335,-73.984012
(05358) - 357 East 57th Street Condominium (357 E. 57th Street),357 E. 57th Street,MANHATTAN,Multifamily Housing,117395,BOTH,True,True,True,56.1,30.8,1.82,69.3,116.0,4.8,24.3,226,156,0,6589936,670406,1-01350-7501,1040014,40.758644,-73.963694
St. Vincent Ferrer Complex,869 Lexington Avenue,MANHATTAN,Worship Facility,84131,BOTH,True,True,True,75.1,24.1,3.12,70.2,99.3,5.2,17.5,225,139,0,6316785,727324,1014000020,1083888; 1083885; 1083887; 1083889; 1083886;,40.766118,-73.965336
300 E 42nd Street,300 E 42nd Street,MANHATTAN,Office,191000,BOTH,True,True,True,56.5,14.0,4.05,69.9,46.6,2.0,8.1,225,124,1,10799467,1362915,1013340001,1038650,40.749413,-73.972275
167 East 67th St,1150 3RD AVE.,MANHATTAN,Multifamily Housing,109200,BOTH,True,True,True,64.8,30.8,2.1,74.3,112.1,4.3,20.8,224,147,0,7071835,662202,1014020033,1042473,40.766658,-73.962871
77 West 55th Street - 1360 Avenue Of The Americas,1360 AVENUE OF THE AMER,MANHATTAN,Multifamily Housing,169655,BOTH,True,True,True,62.4,30.8,2.03,66.3,44.1,3.4,11.3,222,169,1,10594063,1498595,1012717501,1034856,40.763116,-73.978063
845 Third LP,845 Third Avenue,MANHATTAN,Office,352888,BOTH,True,True,True,34.2,14.0,2.45,57.3,23.5,1.4,5.6,222,152,1,12081071,2642285,1013250001,1038464,40.756688,-73.970128
DEPM 1624 - 812 Park Ave,812 Park Avenue,MANHATTAN,Multifamily Housing,158827,BOTH,True,True,True,47.6,30.8,1.54,69.6,72.5,2.9,14.6,221,151,0,7552504,940375,1013890038,1041660,40.772913,-73.962517
8 Herald Square - 71 west 35th Street,71 west 35th Street,MANHATTAN,Office,100738,BOTH,True,True,True,35.9,14.0,2.57,38.2,31.0,1.8,2.9,220,60,1,3616255,1711648,1-00837-0001,1083641,40.750074,-73.986368
DCAS_1014_City Planning Building,22 Reade St,MANHATTAN,Office,99000,BOTH,True,True,True,27.4,14.0,1.96,45.7,68.4,3.9,12.0,218,128,1,2708123,942194,1001540023,1078613,40.714231,-74.004895
DCAS_1012_Manhattan Surrogate's Court,31 Chambers St,MANHATTAN,Office,212500,BOTH,True,True,True,29.4,14.0,2.1,65.0,68.8,2.4,15.0,217,149,0,6247414,984221,1001530024,1001670,40.713402,-74.004635
Century - 980 Fifth Ave,980 5 AVENUE,MANHATTAN,Multifamily Housing,169643,BOTH,True,True,True,75.2,30.8,2.44,64.1,30.4,4.0,9.6,216,126,1,12754713,2091695,1014910001,1046426,40.777028,-73.963211
133 E. 58th St (131 EAST 58 STREET),131 EAST 58 STREET,MANHATTAN,Medical Office,131978,BOTH,True,True,True,30.9,14.5,2.13,54.9,70.9,4.1,16.4,215,158,0,4079718,957672,1013130014,1037166,40.761733,-73.968927
1 Whitehall Street,1 Whitehall Street,MANHATTAN,Office,321994,BOTH,True,True,True,103.5,14.0,7.41,80.2,24.5,1.1,4.4,214,121,1,33319645,2415771,1000100023,1000027,40.703973,-74.013164
641 Avenue of the Americas,635-641 Avenue of the Americas,MANHATTAN,Office,173891,BOTH,True,True,True,24.1,14.0,1.72,43.6,38.0,2.1,6.8,213,118,0,4186183,1588914,1007950044,1014732,40.740581,-73.994504
Halstead - 230 East 15th Street,222 EAST 15 STREET,MANHATTAN,Multifamily Housing,110441,BOTH,True,True,True,57.3,30.8,1.86,74.2,117.0,3.7,20.2,208,127,0,6323782,591725,1008960032,1019519,40.733496,-73.98556
592 Fifth Avenue,592 5 AVENUE,MANHATTAN,Office,83207,BOTH,True,True,True,21.2,14.0,1.52,27.8,45.8,5.8,10.5,206,129,1,1763478,1340038,1012630041,1034486,40.757129,-73.978238
DEPM 1240 - 1040 Fifth Ave,1040 Fifth Avenue,MANHATTAN,Multifamily Housing,153037,BOTH,True,True,True,47.9,30.8,1.56,67.8,56.5,2.3,9.9,200,115,0,7335195,999886,1-01497-0001,1046827,40.780955,-73.960826
655 Park Ave,655 PARK AVE.,MANHATTAN,Multifamily Housing,160690,BOTH,True,True,True,53.7,30.8,1.75,70.0,53.7,2.2,10.0,199,120,0,8632680,1061613,1014020001,1042467,40.767902,-73.965848
815 2nd Avenue,815 2nd Avenue,MANHATTAN,Office,140512,BOTH,True,True,True,22.0,14.0,1.58,45.1,55.0,3.6,13.4,198,128,1,3092806,1097795,1013170021,1037561,40.750856,-73.971466
185 Madison Avenue LLC,185 Madison Avenue,MANHATTAN,Office,88000,BOTH,True,True,True,31.9,14.0,2.28,54.4,85.4,4.0,14.8,196,115,0,2803034,689251,1008640025,1017098,40.747861,-73.982875
AJC National Headquarters,165 E 56th Street,MANHATTAN,Office,70514,BOTH,True,True,True,21.4,14.0,1.53,29.5,83.9,6.6,18.0,196,138,1,1510878,879777,1-01311-0033,1036879,40.759957,-73.968906
Sardi Building,234 West 44th Street,MANHATTAN,Office,60992,BOTH,True,True,True,56.8,14.0,4.06,41.7,60.0,7.4,13.3,195,125,1,3463471,995465,1010150049,1024707,40.757921,-73.987421
Orsid - 77 Park Avenue,100 EAST 39 STREET,MANHATTAN,Multifamily Housing,173483,BOTH,True,True,True,46.4,30.8,1.51,77.7,102.9,2.1,18.2,190,116,0,8041268,597149,1008947501,1019166,40.750076,-73.978731
Walter Samuels - 30 E 40th (28 EAST 40 STREET),28 EAST 40 STREET,MANHATTAN,Medical Office,71063,BOTH,True,True,True,46.3,14.5,3.2,52.0,64.6,5.3,12.5,190,109,0,3289183,890272,1008690049,1017596,40.751385,-73.979915
25 West 39th Street,25 West 39th Street,MANHATTAN,Office,208529,BOTH,True,True,True,34.6,14.0,2.48,49.4,23.9,1.1,3.2,184,75,1,7213192,2145739,1-00841-0020,1016041,40.752022,-73.983304
25 West 39th Street,25 West 39th Street,MANHATTAN,Office,175590,BOTH,True,True,True,35.6,14.0,2.55,46.1,23.7,1.3,3.2,183,74,1,6254482,2074522,1008410020,1016041,40.752022,-73.983304
WCMC Lasdon House,420 East 70th St,MANHATTAN,Multifamily Housing,228389,BOTH,True,True,True,48.4,30.8,1.57,55.0,27.1,1.1,3.9,181,81,1,11053984,1824515,1-01464-0030,1045588,40.766131,-73.95612
960 Fifth Ave/3 East 77th St,962 5 AVENUE,MANHATTAN,Multifamily Housing,213319,BOTH,True,True,True,47.7,30.8,1.55,67.2,33.9,1.2,5.3,181,84,0,10169071,1412767,1013920001,1041816,40.775878,-73.96453
CUNY > GCC_340_Guttman Community College,50 West 40th St,MANHATTAN,College/University,74189,BOTH,True,True,True,32.9,21.9,1.5,34.3,38.3,5.4,8.6,181,114,1,2442888,1370763,1008410075,1080744,40.753129,-73.984054
345 East 52nd Street,345 E. 52ND ST.,MANHATTAN,Multifamily Housing,100154,BOTH,True,True,True,46.3,30.8,1.5,74.5,150.7,3.3,23.3,179,108,0,4635167,410275,1013450017,1039794,40.755653,-73.966454
689 Fifth Avenue,689 5 AVENUE,MANHATTAN,Office,103577,BOTH,True,True,True,26.3,14.0,1.88,35.9,34.7,2.9,6.3,179,101,1,2719693,1422165,1012900001,1035741,40.761131,-73.975295
921 Madison Avenue (Parent Property),921 Madison Avenue,MANHATTAN,Worship Facility,65800,BOTH,True,True,True,70.6,24.1,2.93,63.7,76.6,7.7,19.5,178,142,0,4648552,756604,1013880021,1041498;1090474,40.772722,-73.964737
274 Madison Avenue,274 Madison Avenue,MANHATTAN,Medical Office,92582,BOTH,True,True,True,25.8,14.5,1.78,44.4,78.4,4.5,17.0,176,122,0,2385170,716461,1008690058,1017598,40.751248,-73.980434
DEPM 2404 - 136 East 56th St,136 East 56th Street,MANHATTAN,Multifamily Housing,187972,BOTH,True,True,True,54.1,30.8,1.76,63.4,33.9,2.0,7.8,171,127,1,10172697,1508720,1-01310-0059,1036528,40.760342,-73.969859
(7178) - 55 Liberty Owners Corp. (55 Liberty Street),55 Liberty Street,MANHATTAN,Multifamily Housing,167428,BOTH,True,True,True,50.4,30.8,1.64,75.5,55.1,1.3,7.8,169,72,0,8435848,786887,1-00064-0008,1001084,40.708692,-74.009508
Feil - 445 East 80th Street,443 East 80 Street,MANHATTAN,Multifamily Housing,223798,BOTH,True,True,True,50.4,30.8,1.64,73.9,46.4,2.0,12.0,167,137,1,11278105,1083492,1015600021,1050368,40.772503,-73.950939
177 East 75 Street,177 East 75 Street,MANHATTAN,Multifamily Housing,186802,BOTH,True,True,True,56.9,30.8,1.85,71.3,43.5,2.6,12.6,166,143,1,10623041,1147022,1014100033,1043149,40.771974,-73.959817
590 Fifth Holding LLC - 590 5th Avenue,590 5th Avenue,MANHATTAN,Office,101459,BOTH,True,True,True,24.9,14.0,1.79,31.3,29.7,4.9,9.0,165,117,1,2531196,1624829,1012630038,1034485,40.757066,-73.978285
M486 (OECID: 0100075; BBL: 1009980041),120 West 46th Street,MANHATTAN,K-12 School,62180,BOTH,True,True,True,44.8,29.0,1.54,49.6,55.3,5.7,12.6,164,117,0,2784407,821010,1009980041,1069583,40.757729,-73.983078
JM - 65 West 55 Street,65 West 55 Street,MANHATTAN,Multifamily Housing,112000,BOTH,True,True,True,172.2,30.8,5.59,80.3,57.7,3.9,14.5,163,123,1,19282132,876971,1012710007,1034818,40.762501,-73.976868
405 East 56th Street,405 East 56th Street,MANHATTAN,Multifamily Housing,160264,BOTH,True,True,True,60.4,30.8,1.96,76.3,62.6,2.3,13.8,162,122,1,9682337,783564,1013680005,1040467,40.757186,-73.962316
Halstead - 475 Park Avenue 2025,475 PARK AVENUE,MANHATTAN,Multifamily Housing,131573,BOTH,True,True,True,49.4,30.8,1.61,73.7,68.4,2.0,11.7,159,88,0,6504840,668873,1013120069,1036921,40.762131,-73.97036
24 West 57th Street,24 WEST 57 STREET,MANHATTAN,Office,104379,BOTH,True,True,True,27.7,14.0,1.98,33.9,34.8,1.5,3.8,159,51,1,2893050,1177449,1012720020,1081135;1081136,40.763381,-73.974976
8 East 83rd Street,8 E. 83RD ST.,MANHATTAN,Multifamily Housing,175531,BOTH,True,True,True,62.0,30.8,2.01,78.2,54.3,2.4,13.9,158,119,1,10884922,891080,1014940059,1046769,40.779388,-73.961394
(3030) - 30 East 65th Street Corp (30 East 65 St.),30 East 65 St.,MANHATTAN,Multifamily Housing,160881,BOTH,True,True,True,54.0,30.8,1.75,70.3,51.7,2.5,13.4,154,135,2,8686231,1050299,1-01379-0051,1041091,40.767228,-73.968423
*Feil - 140 West 57th Street,136 West 57 Street,MANHATTAN,Office,90000,BOTH,True,True,True,27.9,14.0,2.0,35.6,40.4,5.9,13.2,154,125,0,2512997,1166945,1010090050,1023462,40.7649,-73.978597
598 Leasing Corp.,598 Madison Avenue,MANHATTAN,Office,76656,BOTH,True,True,True,30.2,14.0,2.16,33.2,30.7,2.8,4.6,153,70,0,2311405,1361022,1012930016,1036060,40.762552,-73.972183
M833 (OECID: 0101333; BBL: 1000520001),100 Trinity Place,MANHATTAN,K-12 School,115125,BOTH,True,True,True,123.1,29.0,4.25,76.2,31.6,2.4,6.3,151,92,1,14177556,1285060,1000520001,1001037,40.709196,-74.012022
DEPM 1880 - 235 East 57th St,235 East 57 Street,MANHATTAN,Multifamily Housing,105749,BOTH,True,True,True,49.9,30.8,1.62,75.8,112.0,2.8,19.8,148,92,0,5271653,438036,1013310017,1038598,40.759863,-73.966581
ROBBINS PLAZA,341 EAST 70TH STREET,MANHATTAN,Multifamily Housing,109200,BOTH,True,True,True,68.7,30.8,2.23,74.2,61.7,2.0,9.5,147,72,0,7506570,669712,1014450023,1044841,40.76673,-73.957495
131 West 35th: 131 West 35th Street,131 W 35th St,MANHATTAN,Office,94000,BOTH,True,True,True,169.7,14.0,12.15,84.8,77.3,2.9,13.8,146,91,0,15953077,840103,1-00811-0016,1015225,40.750999,-73.988559
Edgewater Apartments Inc.,530 East 72nd Street,MANHATTAN,Multifamily Housing,214500,BOTH,True,True,True,51.4,30.8,1.67,75.6,44.0,1.7,10.8,146,114,1,11034612,993983,1-01483-0028,1046259,40.766226,-73.95229
811 Fifth Ave. Corp.,810 Fifth Avenue,MANHATTAN,Multifamily Housing,64515,BOTH,True,True,True,49.7,30.8,1.62,66.8,108.7,5.5,22.8,145,106,0,3209125,453714,1013770001,1040883,40.766098,-73.971279
JSRE: 550 5th Ave.,550 5th Avenue,MANHATTAN,Office,59684,BOTH,True,True,True,28.8,14.0,2.06,27.8,31.1,4.7,6.2,145,80,2,1716040,1309449,1012610036,1083858,40.755626,-73.979336
Carlyle: 150 E 39th,150 E 39th St,MANHATTAN,Multifamily Housing,97232,BOTH,True,True,True,58.9,30.8,1.91,78.3,108.6,2.7,18.0,142,86,0,5723331,423911,1008940052,1019150,40.749309,-73.976898
AKAM - 1200 Fifth Avenue,1200 Fifth Avenue,MANHATTAN,Multifamily Housing,112559,BOTH,True,True,True,72.7,30.8,2.36,66.5,31.7,2.1,5.9,141,80,1,8178998,1191101,1016077501,1051486,40.791138,-73.953388
441 Lexington Avenue,437 LEXINGTON AVENUE,MANHATTAN,Office,104457,BOTH,True,True,True,56.4,14.0,4.04,65.2,44.6,2.8,9.4,140,85,1,5888581,919538,1012990022,1036174,40.752833,-73.975027
Century - 130 East 18th Street,126 EAST 18 STREET,MANHATTAN,Multifamily Housing,187551,BOTH,True,True,True,75.8,30.8,2.46,78.0,35.2,2.0,9.4,139,111,1,14208600,1152852,1008730019,1017843,40.736358,-73.986728
DEPM 2128 - 820 Park Ave,820 Park Avenue,MANHATTAN,Multifamily Housing,57914,BOTH,True,True,True,53.6,30.8,1.74,65.8,101.7,6.1,22.2,139,96,0,3101844,468097,1013900035,1041701,40.773242,-73.962278
AKAM - 220 East 60th Street,220 East 60th Street,MANHATTAN,Multifamily Housing,117039,BOTH,True,True,True,90.7,30.8,2.95,78.6,56.8,2.6,12.4,137,101,1,10612760,773010,1-01414-7501,1043366,40.761897,-73.965476
DOHMH_3442_Washington Heights Health Center,600 West 168th St,MANHATTAN,Urgent Care/Clinic/Other Outpatient,51050,BOTH,True,True,True,182.7,83.6,2.19,86.2,100.4,5.1,17.3,135,85,0,9327527,438059,1021380024,1063379,40.841264,-73.940223
Allied Partners - 254 W 54th Street,254 W 54th Street,MANHATTAN,Office,60000,BOTH,True,True,True,35.8,14.0,2.56,37.3,49.5,4.1,9.4,131,80,0,2148280,753831,1-01025-0058,1024843,40.764338,-73.983217
1080 Fifth Ave,1080 5TH AVE.,MANHATTAN,Multifamily Housing,110000,BOTH,True,True,True,65.9,30.8,2.14,74.2,57.7,2.8,13.1,130,84,1,7253144,687278,1015010001,1046965,40.783553,-73.958936
176 W 94th St,176 West 94th Street,MANHATTAN,Multifamily Housing,96184,BOTH,True,True,True,62.2,30.8,2.02,77.4,97.0,2.3,15.5,129,72,0,5981354,401608,1-01224-0058,1032545,40.792483,-73.970689
WEST SIDE URBAN RENEWAL (SITE A),120 WEST 94TH STREET,MANHATTAN,Multifamily Housing,62587,BOTH,True,True,True,101.8,30.8,3.31,76.9,78.2,3.7,13.8,128,77,0,6368676,496399,1012240042,1032540,40.791944,-73.9694
Murray Hill East Suites,149 E. 39Th Street,MANHATTAN,Hotel,88661,BOTH,True,True,True,55.3,34.6,1.6,75.8,106.5,3.4,21.9,126,95,1,4900999,401852,1008950038,1019482,40.749318,-73.976873
AAG: 421 7th Avenue,421 7th Avenue,MANHATTAN,Office,71811,BOTH,True,True,True,23.8,14.0,1.7,22.5,21.9,5.6,7.4,123,102,0,1710178,1602535,1008090001,1015192,40.750503,-73.990966
WCMC Olin Hall,445 East 69th ST,MANHATTAN,Residence Hall/Dormitory,105477,BOTH,True,True,True,60.4,34.2,1.77,69.9,45.1,3.0,11.5,121,91,0,6367019,802601,1-01464-0021,1045585,40.76519,-73.955778
60 Henry Street,60 Henry Street,MANHATTAN,Multifamily Housing,74990,BOTH,True,True,True,75.1,30.8,2.44,71.2,69.7,2.5,11.0,120,61,1,5631990,489536,1002777501,1077812,40.712968,-73.995008
DEPM 2376 - 988 Fifth Avenue,988 5 Avenue,MANHATTAN,Multifamily Housing,50396,BOTH,True,True,True,60.3,30.8,1.96,69.4,105.6,5.3,20.7,120,74,0,3039291,378031,1014917502,1046594,40.777472,-73.963002
(3035) - The Elysabeth Condominium (35 East 38 Street),35 East 38 Street,MANHATTAN,Multifamily Housing,93180,BOTH,True,True,True,46.5,30.8,1.51,70.9,77.3,3.5,19.1,118,96,1,4329014,482931,1-00868-7501,1017247,40.749988,-73.980395
18 East 50th Street,18 E 50th Street,MANHATTAN,Office,62775,BOTH,True,True,True,28.8,14.0,2.06,55.3,93.1,5.9,25.3,111,87,0,1805184,427462,1012850059,1035460,40.758136,-73.97627
DEPM 2360 - 27 East 65th St,27 East 65 Street,MANHATTAN,Multifamily Housing,141448,BOTH,True,True,True,53.0,30.8,1.72,60.9,29.4,1.5,6.1,105,68,2,7498523,984088,1013800023,1041128,40.767255,-73.968441
Century - 225 East 36th Street,225 East 36th Street,MANHATTAN,Multifamily Housing,217438,BOTH,True,True,True,56.6,30.8,1.84,74.8,51.1,1.3,13.4,102,77,1,12298270,1096165,1-00917-0017,1020204,40.746532,-73.976036
DEPM 1736 - 169 East 69th St,169 East 69 Street,MANHATTAN,Multifamily Housing,150395,BOTH,True,True,True,62.1,30.8,2.02,74.5,33.3,2.4,11.5,101,83,1,9333103,902563,1014040033,1042497,40.768129,-73.962743
117 East 72nd St,117 E. 72ND ST.,MANHATTAN,Multifamily Housing,88182,BOTH,True,True,True,54.5,30.8,1.77,74.2,68.4,2.4,13.7,100,59,0,4805205,446231,1014070008,1042843,40.770783,-73.963038
H&amp;K: 206 East 31st Street,443 3 AVENUE,MANHATTAN,Multifamily Housing,64245,BOTH,True,True,True,60.1,30.8,1.95,66.7,76.6,2.5,12.6,98,54,0,3860464,382212,1009110064,1086764;1019971,40.743584,-73.979672
AKAM - 521 Park Avenue,521 Park Avenue,MANHATTAN,Multifamily Housing,53957,BOTH,True,True,True,79.3,30.8,2.58,75.6,71.5,3.3,13.2,95,59,0,4280298,397121,1013957502,1041910,40.76372,-73.969197
19 East 57th Street,19E 57th Street,MANHATTAN,Office,100994,BOTH,True,True,True,23.1,14.0,1.66,35.2,19.9,1.8,4.2,94,61,1,2336848,1261426,1-01293-0014,1086164,40.762621,-73.973128
123 West 43 Street,123 West 43 Street,MANHATTAN,Performing Arts,88375,BOTH,True,True,True,30.0,13.7,2.19,58.6,69.0,2.9,17.1,93,60,0,2647504,436949,1009960021,1022615,40.755843,-73.984382
Halsead - 838 Fifth Avenue,838 5 AVENUE,MANHATTAN,Multifamily Housing,70892,BOTH,True,True,True,66.0,30.8,2.14,55.3,22.8,2.1,3.9,90,35,2,4678641,1093559,1013797504,1041101,40.767925,-73.970339
M006 (OECID: 0100030; BBL: 1014930021),45 East 81st Street,MANHATTAN,K-12 School,91300,BOTH,True,True,True,45.0,29.0,1.55,70.4,54.3,1.8,10.1,90,54,0,4109748,477855,1014930021,1046668,40.777455,-73.960713
DEPM 1064 - 812 Fifth Ave,812 5 Avenue,MANHATTAN,Multifamily Housing,94998,BOTH,True,True,True,66.6,30.8,2.16,76.6,51.5,3.4,17.1,89,80,1,6330110,546386,1013770003,1040884,40.766378,-73.971459
Sachetti: 328 E 43rd St,328 E 43rd St,MANHATTAN,Multifamily Housing,52314,BOTH,True,True,True,74.9,30.8,2.43,80.1,109.0,3.2,20.0,82,52,0,3919531,249151,1013350039,1038663,40.750068,-73.97073
220 East 57th Street,220 East 57th Street,MANHATTAN,Multifamily Housing,124060,BOTH,True,True,True,58.9,30.8,1.91,77.7,41.8,1.5,9.8,81,62,1,7311160,559242,1013300038,1038594,40.759937,-73.966805
49 East 52nd Street (47 E 52 ST),47 EAST 52 STREET,MANHATTAN,Office,66117,BOTH,True,True,True,31.3,14.0,2.24,54.3,46.1,2.3,8.7,81,49,1,2072485,511123,1012880024,1035712,40.758976,-73.974328
The Harmonie Club - 4 East 60th Street,4 East 60th Street,MANHATTAN,Hotel,57000,BOTH,True,True,True,60.4,34.6,1.75,46.9,24.6,2.0,3.7,78,26,1,3445298,876045,1013740065,1040764,40.76472,-73.97216
215 Madison Avenue,215 Madison Avenue,MANHATTAN,Multifamily Housing,60300,BOTH,True,True,True,56.0,30.8,1.82,81.2,111.1,2.3,19.4,74,46,0,3376703,211870,1008650053,1017129,40.748879,-73.981882
79 East 79th St,73 EAST 79 STREET,MANHATTAN,Multifamily Housing,65353,BOTH,True,True,True,47.7,30.8,1.55,73.6,70.7,1.9,11.6,74,40,0,3115862,308560,1014910030,1046442,40.77597,-73.961269
NH 122 East 76th Street,122 East 76th Street,MANHATTAN,Medical Office,67500,BOTH,True,True,True,52.9,14.5,3.65,75.7,62.3,2.1,12.2,71,43,0,3570060,333380,1-01410-0064,1043155,40.773308,-73.961051
DEPM 2580 - 161 East 79th St,159 East 79 Street,MANHATTAN,Multifamily Housing,59093,BOTH,True,True,True,47.2,30.8,1.53,73.7,81.6,2.9,17.7,71,52,0,2789255,279247,1015080024,1047472,40.774742,-73.958356
21 East 79th St,21 E. 79TH ST.,MANHATTAN,Multifamily Housing,55000,BOTH,True,True,True,55.2,30.8,1.79,72.9,67.4,2.7,13.7,70,42,0,3034944,317968,1014910012,1046432,40.77661,-73.962782
M058 (OECID: 0100069; BBL: 1010430022),317 West 52nd Street,MANHATTAN,K-12 School,64480,BOTH,True,True,True,46.4,29.0,1.6,72.7,66.6,2.7,15.5,70,56,0,2992164,330100,1010430022,1025241,40.763855,-73.985907
Brookdale Residence Hall,50 E 34th St,MANHATTAN,Residence Hall/Dormitory,87550,BOTH,True,True,True,55.6,34.2,1.63,75.0,40.0,1.3,6.8,69,37,1,4868881,451673,1-00863-0053,1017088,40.747584,-73.98255
71 Park Avenue,71 PARK AVE.,MANHATTAN,Multifamily Housing,52593,BOTH,True,True,True,66.7,30.8,2.17,79.0,81.4,2.4,14.5,68,42,0,3506790,258643,1008947503,1019123,40.749815,-73.979338
3 West 57 Street,3 West 57 Street,MANHATTAN,Office,58001,BOTH,True,True,True,27.5,14.0,1.97,62.9,69.5,2.0,12.6,64,39,1,1597799,275951,1012730031,1035073,40.763197,-73.974496
St. Vartan - 630 Second Avenue,622 2 Avenue,MANHATTAN,Worship Facility,85357,BOTH,True,True,True,44.8,24.1,1.86,72.8,51.1,1.5,11.5,57,42,1,3819928,324372,1009400001,1081682,40.744876,-73.975799
36 East 72nd St (34 East 72nd),36 E. 72ND ST.,MANHATTAN,Multifamily Housing,64000,BOTH,True,True,True,47.5,30.8,1.54,73.7,47.5,1.0,6.4,53,21,0,3036879,300599,1013860046,1041367,40.771618,-73.965066
The Door - 121 Ave of the Americas,121 Ave of the Americas,MANHATTAN,Office,84365,BOTH,True,True,True,26.7,14.0,1.91,47.4,18.6,1.3,4.8,42,31,0,2250892,642745,1004777501,1083493,40.723903,-74.00469
57 Worth Street,57 Worth Street,MANHATTAN,Office,60610,BOTH,True,True,True,52.6,14.0,3.77,65.3,22.6,1.5,5.4,39,19,0,3190927,496435,1001760001,1001957,40.717173,-74.006443
The General Society Building,20 West 44th Street,MANHATTAN,Office,67132,BOTH,True,True,True,32.4,14.0,2.32,80.0,62.5,1.1,13.3,32,17,0,2174346,159129,1-01259-0048,1034214,40.755156,-73.980848
